Date,DÃ­a,SIEGn.DE,AAPL.O,LMT,MSFT.O,NVDA.O,GOOGL.O,INTC.O,XAU=
2025-11-04,1,280.39044,270.04,484.98,514.33,198.69,277.54,37.03,3931.78
2025-11-03,2,284.72495999999995,269.05,487.94,517.03,206.88,283.72,39.5,4001.42
2025-10-31,3,283.21737,270.37,491.88,517.81,202.49,281.19,39.99,4001.7798
2025-10-30,4,285.6555,271.4,489.72,525.76,202.89,281.48,40.16,4023.22
2025-10-29,5,285.04542499999997,269.7,485.33,541.55,207.04,274.57,41.34,3929.3633
2025-10-28,6,286.88125,269.0,485.77,542.07,201.03,267.47,41.53,3951.5649
2025-10-27,7,287.34924,268.81,486.91,531.52,191.49,269.27,39.54,3980.5481
2025-10-24,8,283.185,262.82,485.41,523.61,186.26,259.92,38.28,4111.5181
2025-10-23,9,278.401405,259.58,488.05,520.56,182.16,253.08,38.16,4125.0024
2025-10-22,10,280.962,258.45,487.14,520.54,180.28,251.69,36.92,4093.77
2025-10-21,11,280.55562,262.77,489.5,517.66,181.16,250.46,38.12,4123.8525
2025-10-20,12,283.0848,262.24,505.9,516.79,182.64,256.55,38.1,4355.2549
2025-10-17,13,277.17729,252.29,495.15,513.58,183.22,253.3,37.01,4248.7251
2025-10-16,14,285.454975,247.45,493.25,511.61,181.81,251.46,36.84,4325.3467
2025-10-15,15,280.26099000000005,249.34,499.41,513.43,179.83,251.03,37.15,4207.5146
2025-10-14,16,276.60517500000003,247.77,505.18,513.57,180.03,245.45,35.63,4141.4697
2025-10-13,17,284.68848,247.66,503.83,514.05,188.32,244.15,37.22,4110.1182
2025-10-10,18,281.50414,245.27,505.05,510.96,183.16,236.57,36.37,4017.343
2025-10-09,19,284.970135,254.04,507.76,522.4,192.57,241.53,37.8,3975.0449
2025-10-08,20,285.12765,258.06,514.02,524.85,189.11,244.62,37.43,4037.9
2025-10-07,21,282.40065,256.48,511.07,523.98,185.04,245.76,37.17,3983.5459
2025-10-06,22,284.82142500000003,256.69,514.24,528.57,185.54,250.43,36.59,3960.4097
2025-10-03,23,283.19291999999996,258.02,504.49,517.35,187.62,245.35,36.83,3885.9905
2025-10-02,24,282.54168,257.13,499.36,515.74,188.89,245.69,37.3,3856.0125
2025-10-01,25,271.467705,255.45,499.0,519.71,187.24,244.9,35.94,3865.4495
2025-09-30,26,268.92036,254.63,499.21,517.95,186.58,243.1,33.55,3858.1787
2025-09-29,27,265.2195,254.43,491.98,514.6,181.85,244.05,34.48,3833.553
2025-09-26,28,267.660375,255.46,487.44,511.46,178.19,246.54,35.5,3759.6377
2025-09-25,29,261.0627,256.87,484.34,507.03,177.69,245.79,33.99,3748.8196
2025-09-24,30,265.666995,252.31,486.25,510.15,176.97,247.14,31.22,3735.9199
2025-09-23,31,270.5635,254.43,486.67,509.23,178.43,251.66,29.34,3763.821
2025-09-22,32,267.96441,256.08,480.39,514.45,183.61,252.53,28.76,3746.2075
2025-09-19,33,268.23296000000005,245.5,472.94,517.93,176.67,254.72,29.58,3683.7251
2025-09-18,34,268.7208,237.88,473.62,508.45,176.24,252.03,30.57,3644.0095
2025-09-17,35,266.0653,238.99,473.12,510.02,170.29,249.53,24.9,3659.6714
2025-09-16,36,268.23093000000006,238.15,474.32,509.04,174.88,251.16,25.27,3689.4661
2025-09-15,37,270.7152,236.7,473.25,515.36,177.75,251.61,24.77,3678.7805
2025-09-12,38,268.157715,234.07,471.31,509.9,177.82,240.8,24.08,3642.6284
2025-09-11,39,268.744365,230.03,470.73,501.01,177.17,240.37,24.61,3633.7388
2025-09-10,40,267.06812,226.79,463.87,500.37,177.33,239.17,24.77,3640.386
2025-09-09,41,267.4821,234.35,457.06,498.41,170.76,239.63,24.44,3626.136
2025-09-08,42,271.29053,237.88,459.11,498.2,168.31,234.04,24.48,3635.3601
2025-09-05,43,264.8042,239.69,463.9,495.0,167.02,235.0,24.49,3586.3591
2025-09-04,44,267.985245,239.78,456.85,507.97,171.66,232.3,24.61,3545.3333
2025-09-03,45,267.56164499999994,238.47,449.06,505.35,170.62,230.66,24.0,3558.7222
2025-09-02,46,266.16105999999996,229.72,452.5,505.12,170.78,211.35,24.21,3532.9294
2025-08-29,47,280.07928,232.14,455.63,506.69,174.18,212.91,24.35,3475.87
2025-08-28,48,276.44344,232.14,455.63,506.69,174.18,212.91,24.35,3446.7451
2025-08-27,49,276.68816999999996,232.56,456.18,509.64,180.17,211.64,24.93,3416.6885
2025-08-26,50,271.14209999999997,230.49,454.47,506.74,181.6,207.48,24.85,3396.8875
2025-08-25,51,273.47058,229.31,455.46,502.04,181.77,207.14,24.35,3392.3333
2025-08-22,52,273.6039,227.16,447.72,504.26,179.81,208.49,24.55,3366.2451
2025-08-21,53,277.52835,227.76,446.2,507.23,177.99,206.09,24.8,3371.668
2025-08-20,54,271.15082500000005,224.9,447.2,504.24,174.98,199.75,23.5,3338.4629
2025-08-19,55,272.05085,226.01,446.0,505.72,175.4,199.32,23.54,3346.7534
2025-08-18,56,277.46595,230.56,441.1,509.77,175.64,201.57,25.31,3315.1875
2025-08-15,57,272.3193,230.89,440.64,517.1,182.01,203.5,23.66,3330.2451
2025-08-14,58,274.002225,231.59,437.56,520.17,180.45,203.9,24.56,3334.9846
2025-08-13,59,271.64295000000004,232.78,437.32,522.48,182.02,202.94,23.86,3335.7
2025-08-12,60,269.4846,233.33,442.57,520.58,181.59,201.96,22.22,3354.4275
2025-08-11,61,269.76303,229.65,431.56,529.24,183.16,203.34,21.81,3345.0
2025-08-08,62,264.85727,227.18,426.26,521.77,182.06,201.0,20.65,3344.1487
2025-08-07,63,270.49036,229.35,425.63,522.04,182.7,201.42,19.95,3398.4092
2025-08-06,64,264.91215,220.03,430.75,520.84,180.77,196.52,19.77,3397.01
2025-08-05,65,255.3321,213.25,434.85,524.94,179.42,196.09,20.41,3368.5061
2025-08-04,66,253.23912,202.92,428.24,527.75,178.26,194.67,20.19,3380.7319
2025-08-01,67,250.8376,203.35,423.7,535.64,180.0,195.04,19.5,3372.7939
2025-07-31,68,246.68128000000002,202.38,421.01,524.11,173.72,189.13,19.31,3362.5129
2025-07-30,69,256.72335,207.57,420.98,533.5,177.87,191.9,19.8,3290.0249
2025-07-29,70,261.09458,209.05,418.68,513.24,179.27,196.53,20.34,3274.7478
2025-07-28,71,262.129225,211.27,420.13,512.57,175.51,195.75,20.41,3326.314
2025-07-25,72,261.48322,214.05,421.34,512.5,176.75,192.58,20.68,3314.0376
2025-07-24,73,266.8502,213.88,421.17,513.71,173.5,193.18,20.7,3335.925
2025-07-23,74,267.10965,213.76,420.55,510.88,173.74,192.17,22.63,3367.8064
2025-07-22,75,268.0029,214.15,419.39,505.87,170.78,190.23,23.49,3387.4155
2025-07-21,76,258.977355,214.4,410.74,505.27,167.03,191.34,23.24,3431.1194
2025-07-18,77,262.611225,212.48,460.53,510.06,171.38,190.1,23.26,3395.3208
2025-07-17,78,260.6325,211.18,463.96,510.05,172.41,185.06,23.1,3349.2607
2025-07-16,79,262.04699999999997,210.02,469.2,511.7,173.0,183.58,22.8,3338.5791
2025-07-15,80,252.63231000000002,210.16,471.47,505.62,171.37,182.97,22.69,3346.3196
2025-07-14,81,253.20617,209.11,470.12,505.82,170.7,182.0,22.92,3322.18
2025-07-11,82,256.93589,208.62,473.57,503.02,164.07,181.56,23.3,3343.5242
2025-07-10,83,260.72314500000005,211.16,467.51,503.32,164.92,180.19,23.43,3355.4839
2025-07-09,84,265.356,212.41,464.31,501.48,164.1,177.62,23.82,3322.6924
2025-07-08,85,264.26345,211.14,463.06,503.51,162.88,176.62,23.44,3313.3472
2025-07-07,86,254.46942000000004,210.01,463.01,496.62,160.0,174.36,23.59,3300.4451
2025-07-03,87,255.622345,209.95,469.06,497.72,158.24,176.79,22.0,3335.241
2025-07-02,88,254.4048,213.55,462.52,498.84,159.34,179.53,22.49,3336.34
2025-07-01,89,260.16028,213.55,462.52,498.84,159.34,179.53,22.49,3326.3076
2025-06-30,90,258.9661,212.44,462.55,491.09,157.25,178.64,21.88,3357.0762
2025-06-27,91,254.57482500000003,207.82,465.94,492.05,153.3,175.84,22.85,3338.8276
2025-06-26,92,256.52229000000005,205.17,463.14,497.41,157.99,176.23,22.4,3303.312
2025-06-25,93,261.040725,201.08,458.59,495.94,157.75,178.53,22.69,3272.9983
2025-06-24,94,251.35301499999997,201.0,457.9,497.45,155.02,173.54,22.5,3327.7891
2025-06-23,95,249.03624,201.56,458.39,492.27,154.31,170.68,22.2,3332.1125
2025-06-20,96,248.9916,200.3,460.2,490.11,147.9,166.77,22.55,3323.75
2025-06-18,97,241.70688,201.5,472.46,486.0,144.17,165.19,21.19,3368.5085
2025-06-17,98,241.15545999999998,201.0,470.56,477.4,143.85,166.64,21.08,3367.98
2025-06-16,99,238.96026,196.58,468.6,480.24,145.48,173.32,21.49,3370.3977
2025-06-13,100,242.264295,196.58,468.6,480.24,145.48,173.32,21.49,3368.7351
2025-06-12,101,245.6506,195.64,479.34,478.04,144.12,175.95,20.8,3388.3706
2025-06-11,102,249.71759999999998,198.42,467.06,479.14,144.69,176.77,20.74,3382.9275
2025-06-10,103,248.31024,196.45,486.45,474.96,141.97,174.67,20.14,3432.1865
2025-06-09,104,251.756505,199.2,469.27,478.87,145.0,175.7,20.77,3384.0449
2025-06-06,105,252.36939,198.78,456.6,472.62,142.83,177.35,20.68,3353.2603
2025-06-05,106,250.22081500000004,202.67,476.9,470.92,143.96,178.6,22.08,3322.1704
2025-06-04,107,250.4406,201.45,480.83,472.75,142.63,176.09,20.48,3327.58
2025-06-03,108,249.30072,203.92,481.69,470.38,141.72,173.68,20.06,3309.6743
2025-06-02,109,250.90970000000002,200.63,478.03,467.68,139.99,168.21,19.99,3353.1167
2025-05-30,110,248.947685,202.82,482.21,463.87,141.92,168.05,20.25,3375.42
2025-05-29,111,243.37485,203.27,480.17,462.97,141.22,166.18,20.29,3351.9775
2025-05-28,112,244.436965,201.7,478.82,461.97,137.38,169.03,19.74,3379.0601
2025-05-27,113,240.32946,200.85,482.38,460.36,135.13,171.74,19.55,3289.1499
2025-05-23,114,241.74746,199.95,473.69,458.68,139.19,171.86,20.25,3315.8972
2025-05-22,115,245.601,200.42,469.98,457.36,134.81,172.36,20.37,3289.31
2025-05-21,116,250.3488,200.21,476.85,460.69,135.5,172.9,20.55,3299.5574
2025-05-20,117,248.97675500000003,195.27,468.88,450.18,131.29,168.47,20.05,3342.79
2025-05-19,118,241.25772000000003,195.27,468.88,450.18,131.29,168.47,20.05,3356.9939
2025-05-16,119,244.88879999999997,201.36,470.45,454.86,132.83,170.87,20.55,3294.0984
2025-05-15,120,250.3709,202.09,470.28,452.57,131.8,168.56,20.69,3313.9365
2025-05-14,121,250.74245000000002,206.86,475.82,458.17,134.38,163.98,21.27,3289.0066
2025-05-13,122,249.34756000000004,208.78,473.06,458.87,135.57,166.54,21.38,3228.9602
2025-05-12,123,245.530185,211.26,468.32,454.27,135.4,166.19,21.66,3202.2839
2025-05-09,124,248.183595,211.45,465.14,453.13,134.83,163.96,21.55,3239.8015
2025-05-08,125,250.35347,212.33,449.18,452.94,135.34,165.37,21.52,3178.4951
2025-05-07,126,251.80776000000003,212.93,459.83,449.14,129.93,159.53,22.56,3247.4001
2025-05-06,127,245.854225,210.79,473.16,449.26,123.0,158.46,22.18,3233.7229
2025-05-05,128,240.74203500000002,198.53,473.52,438.73,116.65,152.75,21.42,3324.2231
2025-05-02,129,239.35963999999998,197.49,474.53,438.17,117.37,154.28,21.0,3305.2539
2025-05-01,130,236.31858499999998,196.25,471.32,433.35,117.06,151.38,20.31,3364.3225
2025-04-30,131,237.53436,198.51,468.21,433.31,113.54,163.23,19.94,3429.3203
2025-04-29,132,239.00825,198.89,471.56,436.17,113.82,164.21,20.27,3333.5957
2025-04-28,133,236.9691,205.35,472.8,435.28,114.5,164.03,20.62,3240.0769
2025-04-25,134,228.748765,212.5,477.75,395.26,108.92,158.8,20.1,3287.7195
2025-04-24,135,230.261625,211.21,475.88,394.04,109.02,160.16,20.34,3316.1089
2025-04-23,136,234.187605,210.14,476.29,391.16,108.73,160.61,20.51,3341.365
2025-04-22,137,235.00752000000003,209.28,477.64,391.85,111.01,161.96,20.05,3318.2
2025-04-21,138,228.50022,208.37,466.81,387.3,106.43,159.28,21.49,3348.2314
2025-04-17,139,222.30044999999998,204.6,463.55,374.39,102.71,155.35,20.59,3287.4878
2025-04-16,140,216.20343999999997,199.74,462.08,366.82,98.89,151.47,19.51,3381.4954
2025-04-15,141,212.51082600000004,196.98,464.08,367.78,101.49,151.16,18.93,3327.54
2025-04-14,142,212.16237199999998,194.27,477.08,371.61,104.49,153.33,19.23,3343.2224
2025-04-11,143,209.03693000000004,202.14,469.58,385.73,112.2,156.31,19.85,3227.605
2025-04-10,144,210.75092999999998,202.52,475.34,387.81,110.71,159.07,20.31,3209.2849
2025-04-09,145,205.25248,198.15,474.9,388.45,110.93,157.14,19.74,3236.2124
2025-04-08,146,209.31671799999998,190.42,463.7,381.35,107.57,152.82,19.88,3173.917
2025-04-07,147,194.007916,198.85,462.24,390.49,114.33,158.71,21.53,3082.1814
2025-04-04,148,200.209944,172.42,443.36,354.56,96.3,144.7,18.13,2983.7825
2025-04-03,149,192.56464,181.46,430.82,357.86,97.64,146.75,19.57,2982.5398
2025-04-02,150,203.34671,188.38,432.15,359.84,94.31,145.6,19.85,3037.3562
2025-04-01,151,218.2154,203.19,454.78,373.11,101.8,150.72,22.43,3112.8335
2025-03-31,152,233.111125,223.89,452.87,382.14,110.42,157.04,21.98,3133.5713
2025-03-28,153,231.779675,223.19,448.64,382.19,110.15,157.07,22.05,3110.55
2025-03-27,154,229.21223000000003,222.13,446.71,375.39,108.38,154.64,22.71,3123.0549
2025-03-26,155,233.8632,217.9,441.49,378.8,109.67,154.33,22.71,3084.0283
2025-03-25,156,239.29615500000003,223.85,442.28,390.58,111.43,162.24,23.62,3056.0974
2025-03-24,157,241.3824,221.53,445.17,389.97,113.76,165.06,23.42,3019.2876
2025-03-21,158,247.00599,223.75,442.07,395.16,120.69,170.56,24.2,3019.855
2025-03-20,159,243.37800000000001,220.73,434.98,393.08,121.41,167.68,24.22,3012.2722
2025-03-19,160,247.47838999999996,218.27,439.7,391.26,117.7,163.99,24.26,3023.6294
2025-03-18,161,254.401695,214.1,466.74,386.84,118.53,162.8,23.96,3044.4087
2025-03-17,162,258.02667,215.24,470.55,387.82,117.52,163.89,24.12,3047.1799
2025-03-14,163,259.3491,212.69,469.28,383.52,115.43,160.67,25.92,3033.9475
2025-03-13,164,255.87903000000003,214.0,467.61,388.7,119.53,164.29,25.69,3001.4695
2025-03-12,165,252.12082500000002,213.49,466.17,388.56,121.67,165.49,24.05,2984.416
2025-03-11,166,245.7978,209.68,467.93,378.77,115.58,162.76,23.7,2987.7546
2025-03-10,167,246.94890999999998,216.98,461.5,383.27,115.74,167.11,20.68,2932.0569
2025-03-07,168,243.68976,220.84,468.88,380.45,108.76,164.04,19.78,2916.0376
2025-03-06,169,247.40287999999998,227.48,479.17,380.16,106.98,165.87,19.93,2889.3975
2025-03-05,170,253.79376,239.07,473.65,393.31,112.69,173.86,20.64,2910.79
2025-03-04,171,262.0269,235.33,461.5,396.89,110.57,172.35,20.75,2909.99
2025-03-03,172,249.84245,235.74,460.42,401.02,117.3,173.02,20.81,2918.84
2025-02-28,173,226.60992000000002,235.93,448.82,388.61,115.99,170.92,21.33,2917.49
2025-02-27,174,236.93116999999998,238.03,451.94,388.49,114.06,167.01,22.74,2893.71
2025-02-26,175,229.495,241.84,450.37,396.99,124.92,170.28,23.73,2858.6
2025-02-25,176,229.35782,237.3,446.46,392.53,120.15,168.5,23.09,2876.19
2025-02-24,177,234.24263499999998,240.36,441.5,399.73,131.28,172.73,23.52,2916.19
2025-02-21,178,227.71157999999997,247.04,448.46,397.9,126.63,175.42,22.99,2915.12
2025-02-20,179,228.26345999999998,247.1,440.27,404.0,130.28,179.25,24.27,2951.19
2025-02-19,180,231.59241,245.55,440.72,408.21,134.43,179.66,24.87,2936.03
2025-02-18,181,232.3125,245.83,436.29,416.13,140.11,184.56,26.09,2938.7
2025-02-14,182,229.626735,244.87,432.95,414.77,139.23,185.27,25.72,2932.64
2025-02-13,183,236.2659,244.47,428.54,409.64,139.4,183.77,27.39,2935.58
2025-02-12,184,237.94140000000002,244.6,423.19,408.43,138.85,185.23,23.6,2897.655
2025-02-11,185,236.25731999999996,244.6,423.19,408.43,138.85,185.23,23.6,2883.18
2025-02-10,186,238.00367999999997,241.53,434.72,410.54,135.29,186.14,24.13,2929.03
2025-02-07,187,220.15031000000002,236.87,441.97,409.04,131.14,183.61,22.48,2903.66
2025-02-06,188,222.6364,232.62,449.36,411.44,132.8,185.32,20.97,2898.3391
2025-02-05,189,217.61119,227.65,448.22,412.22,133.57,186.47,19.77,2907.34
2025-02-04,190,214.233615,227.63,444.39,409.75,129.84,185.34,19.1,2860.39
2025-02-03,191,215.976705,233.22,448.52,415.82,128.68,191.6,19.38,2856.5
2025-01-31,192,209.34025,232.47,449.87,413.29,124.83,191.33,19.65,2865.09
2025-01-30,193,209.459745,232.8,453.68,412.37,118.65,206.38,19.29,2841.94
2025-01-29,194,209.05223999999998,228.01,455.42,410.92,116.66,201.23,19.38,2813.49
2025-01-28,195,214.95969,236.0,462.95,415.06,120.07,204.02,19.43,2801.0
2025-01-27,196,213.15085,237.59,459.65,414.99,124.65,200.87,20.01,2793.88
2025-01-24,197,211.8907,239.36,454.36,442.33,123.7,195.41,19.75,2757.71
2025-01-23,198,208.61214,238.26,457.45,447.2,128.99,195.3,19.8,2763.11
2025-01-22,199,211.28874,229.86,503.69,434.56,118.42,191.81,20.29,2741.1
2025-01-21,200,218.72658499999997,222.78,496.96,444.06,142.62,200.21,20.83,2771.3
2025-01-17,201,217.67350000000002,223.66,497.28,446.71,147.22,197.98,21.57,2753.69
2025-01-16,202,215.581005,223.83,499.34,446.2,147.07,198.37,21.86,2755.0225
2025-01-15,203,212.90803499999998,222.64,506.29,428.5,140.83,198.05,21.77,2744.39
2025-01-14,204,210.15452000000002,229.98,490.32,429.03,137.71,196.0,21.49,2708.0559
2025-01-13,205,206.29303499999997,229.98,490.32,429.03,137.71,196.0,21.49,2701.55
2025-01-10,206,200.97576800000002,228.26,486.86,424.58,133.57,192.91,19.67,2713.77
2025-01-08,207,201.232262,237.87,483.97,426.31,136.24,195.55,19.72,2695.82
2025-01-07,208,199.914572,233.28,484.46,415.67,131.76,189.66,19.2,2677.16
2025-01-06,209,197.893592,234.4,483.16,417.19,133.23,191.01,19.2,2662.12
2025-01-03,210,199.2458,236.85,468.05,418.95,135.91,192.04,19.15,2689.63
2025-01-02,211,202.45868000000002,242.7,468.85,424.56,140.11,193.95,19.88,2670.19
2024-12-31,212,201.86135199999998,242.7,468.85,424.56,140.11,193.95,19.88,2662.06
2024-12-30,213,200.101006,242.21,463.96,422.37,140.14,195.49,20.01,2649.49
2024-12-27,214,200.61012,245.0,466.0,427.85,149.43,196.87,19.87,2635.3257
2024-12-26,215,192.53282399999998,243.36,481.82,423.35,144.47,191.79,20.56,2639.12
2024-12-24,216,194.13168,243.85,482.25,418.58,138.31,189.43,20.22,2657.16
2024-12-23,217,196.23439199999999,252.2,483.37,424.83,137.49,191.24,19.82,2605.39
2024-12-20,218,197.69591999999997,255.59,488.97,430.53,137.01,192.76,20.3,2620.0
2024-12-19,219,196.63368999999997,255.27,486.49,435.25,139.67,194.63,20.2,2612.93
2024-12-18,220,197.37925399999997,254.49,489.02,436.6,134.7,191.41,19.52,2620.77
2024-12-17,221,196.297728,249.79,479.66,437.03,130.68,188.51,19.06,2593.85
2024-12-16,222,201.574144,248.05,482.94,437.39,128.91,188.4,19.3,2587.63
2024-12-13,223,202.35378799999998,253.48,490.61,454.46,130.39,195.42,20.44,2645.54
2024-12-12,224,200.02631999999997,251.04,491.65,451.59,132.0,196.66,20.83,2652.5
2024-12-11,225,200.987276,248.13,494.65,447.27,134.25,189.82,20.34,2648.39
2024-12-10,226,203.0598,247.96,496.58,449.56,137.34,191.96,20.78,2681.33
2024-12-09,227,205.17868800000002,246.49,504.24,448.99,139.31,195.4,20.12,2717.93
2024-12-06,228,203.025488,247.77,512.94,443.33,135.07,185.17,20.16,2693.64
2024-12-05,229,204.85652799999997,246.75,510.01,446.02,138.81,175.37,20.81,2658.78
2024-12-04,230,204.70216,242.84,513.03,443.57,142.44,174.71,20.92,2632.91
2024-12-03,231,204.373316,243.04,517.48,442.62,145.06,172.64,20.8,2632.05
2024-12-02,232,201.68689999999998,243.01,517.5,437.42,145.14,174.37,21.96,2649.79
2024-11-29,233,199.88117999999997,242.65,517.0,431.2,140.26,171.34,22.47,2643.44
2024-11-27,234,197.46956400000002,239.59,520.34,430.98,138.63,171.49,23.93,2638.93
2024-11-26,235,193.69170000000003,237.33,529.41,423.46,138.25,168.95,24.05,2653.5459
2024-11-25,236,190.88266399999998,234.93,525.75,422.99,135.34,169.23,23.65,2640.96
2024-11-22,237,189.074472,234.93,525.75,422.99,135.34,169.23,23.65,2635.51
2024-11-21,238,189.083552,235.06,521.45,427.99,136.92,169.12,24.05,2631.89
2024-11-20,239,189.752508,232.87,521.89,418.79,136.02,167.65,24.87,2625.26
2024-11-19,240,184.96425200000002,229.87,542.22,417.0,141.95,164.76,24.5,2712.55
2024-11-18,241,184.32479999999998,228.52,542.01,412.87,146.67,167.63,24.44,2669.69
2024-11-15,242,186.147208,229.0,534.73,415.49,145.89,175.98,24.01,2650.05
2024-11-14,243,188.42148000000003,228.28,533.26,417.79,147.01,178.12,24.2,2631.68
2024-11-13,244,195.0216,228.02,530.96,415.76,140.15,175.3,24.84,2612.2
2024-11-12,245,197.53834,225.0,534.83,415.0,141.98,172.49,24.35,2561.24
2024-11-11,246,198.17459999999997,228.22,538.99,426.89,146.76,175.58,25.03,2566.19
2024-11-08,247,189.50022,225.12,557.73,425.2,146.27,178.88,24.92,2573.78
2024-11-07,248,189.025662,224.23,565.96,423.03,148.29,181.62,24.16,2597.27
2024-11-06,249,197.993936,224.23,570.58,418.01,145.26,180.35,25.05,2620.2
2024-11-05,250,196.22514400000003,226.96,564.56,422.54,147.63,178.35,26.2,2683.77
2024-11-04,251,203.093592,227.48,551.84,425.43,148.88,180.75,26.23,2706.99
2024-11-01,252,197.50248,222.72,551.82,420.18,145.61,176.51,25.05,2659.24
2024-10-31,253,201.112,223.45,546.75,411.46,139.91,169.74,23.32,2743.59
2024-10-30,254,197.20001,222.01,543.1,408.46,136.05,169.24,22.52,2736.39
2024-10-29,255,196.658768,222.91,545.35,410.37,135.4,171.29,23.2,2735.155
2024-10-28,256,194.15272000000002,225.91,546.05,406.35,132.76,171.11,21.52,2743.8047
2024-10-25,257,194.82553999999996,230.1,545.94,432.53,139.34,174.46,22.3,2786.1897
2024-10-24,258,195.870708,233.67,546.8,431.95,141.25,169.68,22.9,2775.1345
2024-10-23,259,196.60540799999998,233.4,555.17,426.59,140.52,166.72,22.92,2741.9771
2024-10-22,260,194.72730599999997,231.41,562.29,428.15,141.54,165.27,22.68,2747.6936
2024-10-21,261,194.301342,230.57,564.21,424.73,140.41,162.72,22.34,2735.6956
2024-10-18,262,195.35172,230.76,571.1,424.6,139.56,162.78,21.98,2717.54
2024-10-17,263,198.12495,235.86,576.98,427.51,143.59,165.14,22.4,2748.3833
2024-10-16,264,200.18564999999998,236.48,614.61,418.78,143.71,164.07,22.84,2719.6453
2024-10-15,265,201.67296,235.0,611.81,418.16,138.0,163.42,22.77,2720.2473
2024-10-14,266,199.59366799999998,232.15,609.62,416.72,136.93,162.93,22.44,2692.5471
2024-10-11,267,196.5841,231.78,612.83,416.12,135.72,165.16,22.31,2673.2385
2024-10-10,268,199.11276,233.85,605.0,418.74,131.6,165.46,22.66,2660.9875
2024-10-09,269,202.100134,231.3,610.87,419.14,138.07,164.96,23.44,2651.05
2024-10-08,270,203.25320799999997,227.55,604.17,416.32,134.8,163.24,23.56,2655.9976
2024-10-07,271,200.50416,229.04,597.49,415.84,134.81,162.08,23.22,2629.4802
2024-10-04,272,201.78079400000001,229.54,605.11,417.46,132.65,161.86,23.46,2607.7705
2024-10-03,273,197.83764000000002,225.77,608.05,414.71,132.89,164.38,23.32,2621.9448
2024-10-02,274,202.33861199999998,221.69,605.54,409.54,127.72,162.98,22.38,2643.5784
2024-10-01,275,200.729088,226.8,605.13,416.06,124.92,167.06,22.59,2652.2451
2024-09-30,276,198.09469800000002,225.67,605.82,416.54,122.85,165.86,22.26,2655.896
2024-09-27,277,199.49479000000002,226.78,603.2,417.13,118.85,165.86,22.39,2657.7549
2024-09-26,278,199.05106200000003,226.21,605.86,420.69,117.0,166.99,22.69,2662.8213
2024-09-25,279,201.903956,233.0,584.56,430.3,121.44,165.85,23.46,2634.4939
2024-09-24,280,204.12661800000004,227.79,582.36,428.02,121.4,163.95,23.91,2657.9675
2024-09-23,281,203.112624,227.52,577.4,431.31,124.04,162.73,23.92,2670.2
2024-09-20,282,192.07152799999997,226.37,577.94,432.11,123.51,161.49,23.54,2656.821
2024-09-19,283,190.44012000000004,227.37,578.63,429.17,120.87,162.29,22.81,2656.6992
2024-09-18,284,186.126,226.47,580.51,433.51,116.26,161.85,22.56,2628.3987
2024-09-17,285,186.025892,228.2,571.92,435.27,116.0,163.59,21.84,2621.9568
2024-09-16,286,189.647712,228.87,565.18,438.69,117.87,162.14,21.14,2586.4756
2024-09-13,287,184.24749599999998,220.69,565.49,430.81,113.37,159.81,20.77,2558.7954
2024-09-12,288,184.875868,216.79,567.01,435.15,115.59,159.32,21.47,2569.5249
2024-09-11,289,181.34028,216.32,572.92,431.34,116.78,158.06,20.91,2582.5791
2024-09-10,290,181.712856,222.5,569.91,430.59,119.1,157.46,19.66,2576.4954
2024-09-09,291,181.94582,222.77,568.27,427.0,119.14,154.69,19.36,2558.7546
2024-09-06,292,178.53235399999997,222.66,566.96,423.04,116.91,151.16,19.64,2511.4404
2024-09-05,293,178.90448400000002,220.11,572.19,414.2,108.1,148.66,18.98,2516.1191
2024-09-04,294,179.41284,220.91,576.57,405.72,106.47,148.71,19.07,2505.2549
2024-09-03,295,178.591462,220.82,566.63,401.7,102.83,150.92,18.89,2497.0254
2024-08-30,296,183.55942,222.38,568.59,408.39,107.21,157.24,19.4,2516.3191
2024-08-29,297,184.759104,220.85,574.78,408.9,106.21,156.45,19.43,2494.188
2024-08-28,298,185.65491600000001,222.77,567.22,409.44,108.0,157.36,20.1,2492.7649
2024-08-27,299,188.826976,229.0,568.1,417.14,119.37,163.38,22.04,2499.29
2024-08-26,300,187.710624,229.0,568.1,417.14,119.37,163.38,22.04,2503.0322
2024-08-23,301,188.55269399999997,229.79,566.85,413.12,117.59,161.78,20.13,2521.1772
2024-08-22,302,187.06064,226.49,563.98,410.6,125.61,162.85,19.61,2502.2495
2024-08-21,303,186.90700800000002,228.03,560.41,413.84,128.3,164.68,20.07,2524.5657
2024-08-20,304,187.28158000000002,227.18,558.1,413.49,126.46,166.16,20.13,2516.885
2024-08-19,305,186.98489999999998,226.84,555.01,416.79,129.37,165.62,20.54,2512.0728
2024-08-16,306,183.214656,224.53,557.03,415.55,123.74,163.8,20.1,2483.2949
2024-08-15,307,183.8189,226.4,553.76,424.14,128.5,165.85,21.41,2511.9492
2024-08-14,308,182.33166,226.51,557.01,424.8,127.25,167.18,20.99,2513.739
2024-08-13,309,182.08221,225.89,558.39,421.53,130.0,166.67,21.52,2503.9241
2024-08-12,310,179.97696,226.05,560.13,418.47,124.58,162.96,20.87,2507.2825
2024-08-09,311,178.49817,224.72,560.29,421.03,122.86,161.3,20.69,2456.1023
2024-08-08,312,175.42116000000001,221.72,563.22,416.86,118.08,160.37,19.92,2447.6421
2024-08-07,313,174.70684799999998,221.27,559.42,414.01,116.14,164.16,20.47,2465.0293
2024-08-06,314,171.83531999999997,217.53,556.91,406.81,109.02,162.29,19.36,2472.2507
2024-08-05,315,171.577688,216.24,551.58,406.02,104.75,163.67,19.71,2430.9258
2024-08-02,316,173.81456,213.31,551.62,402.69,104.97,162.03,20.49,2426.7478
2024-08-01,317,170.302074,209.82,548.51,398.43,98.91,158.94,18.99,2381.5349
2024-07-31,318,168.322,207.23,541.56,399.61,104.25,158.29,19.83,2389.37
2024-07-30,319,169.909328,209.27,545.38,395.15,100.45,159.25,20.11,2407.6475
2024-07-29,320,172.12824,219.86,548.77,408.49,107.27,166.66,21.48,2443.2947
2024-07-26,321,177.55511399999997,218.36,548.86,417.11,109.21,170.76,29.05,2445.4197
2024-07-25,322,183.39714999999998,222.08,541.92,418.35,117.02,171.54,30.74,2448.0989
2024-07-24,323,182.23274999999998,218.8,537.66,422.92,103.73,170.29,30.13,2408.43
2024-07-23,324,181.58609600000003,218.24,527.64,426.73,111.59,169.53,30.83,2383.5371
2024-07-22,325,184.37357400000002,217.96,524.8,425.27,113.06,167.0,31.35,2385.575
2024-07-19,326,183.068408,217.49,521.4,418.4,112.28,167.28,31.1,2364.4995
2024-07-18,327,185.82381600000002,218.54,515.2,428.9,114.25,172.63,31.7,2397.5859
2024-07-17,328,188.395062,225.01,501.29,444.85,122.59,181.79,32.95,2409.2073
2024-07-16,329,188.662814,223.96,474.59,442.94,123.54,181.67,33.37,2397.6475
2024-07-15,330,185.38758799999997,224.31,474.92,437.11,117.93,177.66,32.98,2400.79
2024-07-12,331,185.79859199999999,224.18,476.0,440.37,121.09,177.69,34.87,2444.9688
2024-07-11,332,195.11607999999998,228.88,476.07,443.52,117.99,181.02,34.46,2458.3838
2024-07-10,333,197.84593199999998,234.82,468.58,449.52,126.36,183.92,34.34,2468.573
2024-07-09,334,197.050672,234.4,463.88,453.96,128.44,186.53,34.46,2422.074
2024-07-08,335,200.844896,230.54,463.73,453.55,129.24,185.07,34.49,2411.2744
2024-07-05,336,194.37485,227.57,460.38,454.7,127.4,185.57,33.5,2414.7786
2024-07-03,337,191.01953999999998,232.98,461.01,466.25,134.91,191.18,34.87,2371.071
2024-07-02,338,187.32871199999997,228.68,460.3,459.54,131.38,188.98,34.59,2363.5845
2024-07-01,339,191.722552,227.82,461.76,466.24,128.2,189.03,33.99,2358.7983
2024-06-28,340,191.92723199999998,226.34,462.16,467.56,125.83,190.6,32.02,2391.4563
2024-06-27,341,191.70454,221.55,466.03,460.77,128.28,185.82,31.23,2356.12
2024-06-26,342,190.653336,221.55,466.03,460.77,128.28,185.82,31.23,2356.0562
2024-06-25,343,187.848096,220.27,465.7,459.28,122.67,185.24,31.07,2329.283
2024-06-24,344,190.19145600000002,216.75,466.44,456.73,124.3,182.99,30.84,2331.6963
2024-06-21,345,186.106236,210.62,467.1,446.95,123.54,182.15,30.97,2325.7051
2024-06-20,346,185.722508,214.1,467.13,452.85,123.99,185.41,30.59,2327.446
2024-06-18,347,180.710038,213.25,466.99,452.16,126.4,183.88,30.54,2297.9146
2024-06-17,348,181.671054,209.07,468.07,450.95,126.09,184.03,30.74,2319.0095
2024-06-14,349,183.560128,208.14,471.51,447.67,118.11,179.22,30.57,2332.9282
2024-06-13,350,179.82261999999997,207.49,467.6,449.78,126.57,179.63,31.09,2320.345
2024-06-12,351,182.2638,209.68,466.34,445.7,130.78,176.3,30.62,2359.6277
2024-06-11,352,180.723408,214.29,460.0,446.34,135.58,175.09,30.63,2327.475
2024-06-10,353,180.87087200000002,214.29,460.0,446.34,135.58,175.09,30.63,2328.3301
2024-06-07,354,180.43854,216.67,459.01,448.37,130.98,177.24,30.98,2318.8735
2024-06-06,355,177.3418,212.49,458.34,442.57,131.88,176.79,30.45,2332.52
2024-06-05,356,183.39674,214.24,458.56,441.58,129.61,175.16,30.46,2303.1887
2024-06-04,357,192.47267,213.07,459.11,441.06,125.2,177.79,30.76,2322.55
2024-06-03,358,185.20479400000002,207.15,462.8,432.68,120.91,176.62,30.92,2316.2656
2024-05-31,359,187.749772,193.12,467.46,427.87,121.79,175.01,30.91,2310.6008
2024-05-30,360,188.39520000000002,196.89,470.13,423.85,120.89,174.46,30.74,2292.7051
2024-05-29,361,191.280384,194.48,468.62,424.52,121.0,176.73,30.42,2375.6052
2024-05-28,362,194.341576,195.87,465.23,424.01,122.44,175.41,30.78,2354.7773
2024-05-24,363,189.58178400000003,194.35,468.89,416.07,116.44,173.79,30.03,2327.6816
2024-05-23,364,194.230032,194.03,467.6,413.52,115.0,173.17,30.29,2350.3513
2024-05-22,365,191.083466,192.25,470.34,415.13,109.63,172.5,30.85,2326.9663
2024-05-21,366,190.773184,191.29,460.94,414.67,110.5,172.11,30.19,2342.9983
2024-05-20,367,189.7992,190.29,452.72,429.17,114.83,175.9,30.13,2338.7659
2024-05-17,368,192.41572999999997,189.99,458.48,430.32,113.9,176.4,31.06,2360.9546
2024-05-16,369,194.271336,189.98,467.35,430.16,106.47,174.99,30.72,2350.74
2024-05-15,370,192.28185000000002,189.98,467.35,430.16,106.47,174.99,30.72,2333.7642
2024-05-14,371,191.584734,186.88,467.08,427.0,103.8,173.55,30.08,2328.3704
2024-05-13,372,187.96077,190.9,469.71,430.52,94.95,176.38,31.42,2378.2471
2024-05-10,373,188.46885599999996,192.35,468.31,429.04,95.39,177.85,31.74,2421.6377
2024-05-09,374,187.92175999999998,191.04,467.08,425.34,94.78,176.92,32.1,2425.1191
2024-05-08,375,187.57272,189.87,466.2,420.21,92.48,176.06,31.83,2414.89
2024-05-07,376,190.13750000000002,189.84,464.83,420.99,94.36,174.18,32.03,2376.4409
2024-05-06,377,204.25514,189.72,464.08,423.08,94.63,172.51,31.27,2386.0425
2024-05-03,378,200.39263200000002,187.43,467.18,416.56,91.36,170.34,31.05,2357.9668
2024-05-02,379,202.792824,186.28,470.56,413.72,90.4,169.14,30.51,2336.0476
2024-05-01,380,202.88796,183.05,468.88,414.74,89.88,168.65,29.85,2360.1436
2024-04-30,381,198.45664800000003,184.57,468.39,412.32,88.75,169.96,30.09,2345.8845
2024-04-29,382,195.10771000000003,182.74,466.16,410.54,90.41,169.38,30.0,2308.6455
2024-04-26,383,193.68652799999998,182.4,466.68,409.34,90.55,171.25,30.68,2313.7852
2024-04-25,384,193.134848,181.71,462.78,413.54,92.14,168.1,30.97,2323.5674
2024-04-24,385,191.08359600000003,183.38,461.91,406.66,88.79,167.24,30.9,2301.5569
2024-04-23,386,187.902,173.03,463.2,397.84,85.82,166.62,30.51,2303.2876
2024-04-22,387,187.59735,170.33,464.93,389.33,86.4,162.78,30.47,2285.5732
2024-04-19,388,190.412316,173.5,467.55,402.25,87.76,166.15,31.36,2334.4358
2024-04-18,389,189.911304,169.3,461.29,406.32,87.73,171.95,31.88,2337.7151
2024-04-17,390,186.36272999999997,169.89,464.78,399.04,82.63,156.0,35.11,2331.782
2024-04-16,391,186.812408,169.02,459.14,409.06,79.68,159.13,34.5,2315.822
2024-04-15,392,187.596266,166.9,460.08,407.57,82.42,158.26,34.28,2321.8145
2024-04-12,393,185.400908,165.84,461.33,400.96,79.52,156.28,34.41,2326.2859
2024-04-11,394,184.271584,165.0,463.87,399.12,76.2,154.09,34.2,2390.4517
2024-04-10,395,186.805936,167.04,456.09,404.27,84.67,156.01,35.04,2378.2507
2024-04-09,396,184.266828,168.0,456.05,411.84,84.03,155.47,35.68,2360.8057
2024-04-08,397,183.75903600000004,169.38,454.31,414.58,87.42,154.4,36.26,2382.8318
2024-04-05,398,186.84098,172.69,453.08,413.64,86.0,154.86,36.31,2382.5078
2024-04-04,399,183.744772,176.55,450.4,421.9,88.19,157.73,35.69,2343.4255
2024-04-03,400,186.14719200000002,175.04,452.32,427.93,90.62,159.41,37.63,2373.2378
2024-04-02,401,187.318996,167.78,451.71,423.26,87.04,156.14,37.2,2332.7944
2024-04-01,402,187.94346999999996,169.67,447.57,426.28,85.35,156.6,38.33,2352.5767
2024-03-28,403,189.211508,168.45,452.38,424.59,87.13,154.85,37.98,2338.8909
2024-03-27,404,186.75206,169.58,455.38,425.52,88.01,152.5,38.71,2329.5
2024-03-26,405,190.84768999999997,168.82,454.04,417.88,85.91,150.53,39.73,2289.4287
2024-03-25,406,191.28108999999998,169.65,447.9,420.45,88.96,154.92,40.33,2299.1702
2024-03-22,407,189.08607999999998,168.84,453.24,421.44,89.45,154.56,43.94,2280.0957
2024-03-21,408,190.886752,171.48,454.87,420.72,90.36,150.93,44.17,2232.3757
2024-03-20,409,191.533592,173.31,456.78,421.43,90.25,150.87,43.77,2194.0249
2024-03-19,410,189.84990000000002,169.71,445.99,421.65,92.56,150.67,41.99,2178.5837
2024-03-18,411,188.611416,170.85,446.31,422.86,95.0,150.07,41.83,2171.4521
2024-03-15,412,189.5197,172.28,445.88,428.74,94.29,150.77,42.57,2164.145
2024-03-14,413,189.87624000000002,171.37,443.16,429.37,91.44,147.6,42.42,2180.8071
2024-03-13,414,191.894768,178.67,440.41,425.23,90.37,148.74,42.2,2185.9585
2024-03-12,415,188.00796,176.08,437.19,421.41,89.4,147.03,42.05,2157.2258
2024-03-11,416,199.613302,173.72,433.2,417.32,88.45,147.68,42.71,2159.9861
2024-03-08,417,201.36595200000002,172.62,435.82,416.42,87.84,141.18,42.64,2155.5427
2024-03-07,418,200.21040000000002,173.0,435.77,425.22,87.94,143.1,42.75,2161.0149
2024-03-06,419,201.29694,171.13,434.6,415.1,90.89,139.79,43.23,2174.4
2024-03-05,420,199.625176,173.23,434.91,415.28,91.91,138.5,45.24,2157.99
2024-03-04,421,197.345412,172.75,434.75,404.52,85.77,137.67,44.86,2182.47
2024-03-01,422,198.96590399999997,170.73,432.9,406.22,87.53,135.41,44.0,2177.51
2024-02-29,423,198.713684,169.0,429.99,409.14,92.67,134.38,46.15,2159.1587
2024-02-28,424,196.146,169.12,433.48,402.09,88.7,131.4,44.51,2148.29
2024-02-27,425,193.80516999999998,170.12,431.98,402.65,85.96,132.67,43.16,2127.5454
2024-02-26,426,196.544232,175.1,431.94,414.92,85.24,133.35,45.61,2114.99
2024-02-23,427,196.45313600000003,179.66,426.46,415.5,82.28,137.14,43.82,2083.39
2024-02-22,428,197.63008200000002,180.75,428.24,413.64,79.11,138.46,43.05,2043.2441
2024-02-21,429,194.896296,181.42,432.48,407.72,77.66,136.38,41.99,2034.62
2024-02-20,430,191.52672800000002,182.63,430.43,407.48,78.7,138.88,42.73,2029.6378
2024-02-16,431,189.71403,181.16,429.18,407.54,79.09,137.57,42.99,2030.658
2024-02-15,432,189.63954000000004,182.52,431.12,410.34,78.82,143.96,42.99,2035.7177
2024-02-14,433,186.26383,184.37,428.89,411.65,78.54,144.09,42.98,2024.1124
2024-02-13,434,183.261614,182.32,427.55,402.18,67.47,142.55,43.47,2024.99
2024-02-12,435,182.268216,181.56,424.27,402.79,69.45,141.12,44.52,2023.5278
2024-02-09,436,182.75636600000004,182.31,424.07,404.06,72.61,140.52,43.51,2017.6252
2024-02-08,437,182.31762799999998,182.31,424.07,404.06,72.61,140.52,43.51,2013.1008
2024-02-07,438,179.8757,183.86,423.12,406.56,72.66,142.77,44.05,2004.0875
2024-02-06,439,177.00539999999998,184.15,418.19,409.49,73.9,145.94,44.19,1992.39
2024-02-05,440,175.284912,185.04,426.52,406.32,72.13,145.14,43.16,1992.1331
2024-02-02,441,177.87229399999998,187.15,428.07,415.26,72.25,147.53,44.03,2019.79
2024-02-01,442,178.46366400000002,188.85,426.5,420.55,72.13,149.0,43.31,2024.157
2024-01-31,443,182.954928,188.32,427.0,414.11,69.64,145.91,42.5,2033.1779
2024-01-30,444,181.125136,189.41,430.1,414.05,70.1,145.54,42.78,2034.2186
2024-01-29,445,180.00045199999997,189.3,426.95,405.49,68.22,144.1,42.74,2035.4623
2024-01-26,446,176.818342,187.68,421.7,405.65,69.33,143.68,42.77,2024.6707
2024-01-25,447,179.726144,185.85,425.97,411.22,66.16,142.38,42.6,2038.59
2024-01-24,448,181.08403199999998,186.86,429.77,403.78,63.03,141.16,43.36,2054.8918
2024-01-23,449,180.28108799999998,184.4,429.41,397.58,61.53,140.1,43.08,2037.19
2024-01-22,450,183.54288,188.04,431.68,408.59,62.77,151.46,42.92,2036.1151
2024-01-19,451,181.27942199999998,191.73,428.01,409.72,62.47,153.51,43.84,2031.7488
2024-01-18,452,182.161672,192.42,429.91,403.93,61.03,152.19,43.65,2018.34
2024-01-17,453,181.34511999999998,194.17,431.04,404.87,61.62,151.87,49.55,2019.7518
2024-01-16,454,182.29025000000001,194.5,431.65,402.56,61.36,148.7,49.09,2012.59
2024-01-12,455,175.829604,195.18,439.67,398.9,59.87,147.04,48.89,2028.69
2024-01-11,456,177.79554000000002,193.89,458.76,396.51,59.65,145.99,48.22,2020.99
2024-01-10,457,175.37631799999997,191.56,457.76,398.67,59.49,146.38,48.15,2029.09
2024-01-09,458,174.875668,188.63,459.57,393.87,57.11,143.48,46.74,2022.6704
2024-01-08,459,172.94261400000002,182.68,456.47,389.47,56.05,141.47,46.06,2005.7194
2024-01-05,460,175.24538399999997,183.63,457.84,390.27,56.38,142.49,47.06,2027.59
2024-01-04,461,177.270016,185.92,463.18,388.47,54.71,142.65,47.12,2054.49
2024-01-03,462,178.600088,185.92,463.18,388.47,54.71,142.65,47.12,2048.7192
2024-01-02,463,176.24402,185.59,453.13,384.63,54.82,142.08,47.64,2028.09
2023-12-29,464,176.391738,186.19,455.4,382.77,54.35,142.28,47.47,2023.402
2023-12-28,465,174.24014,185.14,456.29,375.79,53.14,140.95,48.05,2029.5948
2023-12-27,466,176.038022,185.56,458.6,374.69,52.25,138.84,48.45,2027.843
2023-12-26,467,175.60305000000002,181.18,456.5,367.75,49.1,135.73,46.89,2045.4956
2023-12-22,468,177.73620599999998,181.91,457.87,367.94,48.0,136.39,46.87,2043.2646
2023-12-21,469,177.269672,184.25,459.12,370.6,47.57,138.92,47.05,2040.776
2023-12-20,470,183.778236,185.64,456.12,370.87,48.17,138.17,47.8,2058.8767
2023-12-19,471,187.52371199999996,192.53,453.24,376.04,49.52,139.69,50.25,2062.59
2023-12-18,472,186.322032,193.58,451.23,375.28,49.52,140.23,50.39,2064.8601
2023-12-15,473,187.440846,193.15,448.97,374.07,49.42,140.37,50.76,2077.1589
2023-12-14,474,185.05608,193.6,448.22,374.58,48.83,141.49,48.0,2052.9751
2023-12-13,475,185.462784,194.68,448.02,373.54,48.99,140.42,47.08,2045.4941
2023-12-12,476,185.005332,194.83,442.6,370.62,48.11,138.34,45.76,2029.19
2023-12-11,477,184.44204,196.94,447.79,373.26,49.6,136.65,46.66,2040.1208
2023-12-08,478,178.46548,195.89,446.91,372.65,50.08,135.8,45.69,2026.9979
2023-12-07,479,181.69013199999998,197.57,441.81,370.73,48.89,132.6,46.16,2018.19
2023-12-06,480,182.252762,198.11,445.27,365.93,48.35,131.94,45.18,2035.528
2023-12-05,481,177.09942399999997,197.96,451.44,374.37,48.09,132.57,44.57,2026.39
2023-12-04,482,176.837712,194.71,451.63,374.38,47.66,132.52,44.04,1979.4375
2023-12-01,483,176.80323,193.18,451.26,371.3,46.63,133.29,44.54,1981.303
2023-11-30,484,174.780162,195.71,448.02,374.23,47.51,134.99,42.7,2003.39
2023-11-29,485,174.2908,194.27,447.11,370.95,46.6,136.93,42.15,2028.3375
2023-11-28,486,173.18210399999998,192.32,449.41,368.8,45.5,130.02,41.27,2024.8975
2023-11-27,487,171.35983,193.42,446.24,372.52,46.57,130.99,41.92,2019.4203
2023-11-24,488,170.10352799999998,189.43,450.69,369.14,45.51,129.27,42.35,2029.7415
2023-11-22,489,169.74360000000001,191.24,449.41,374.51,46.77,131.86,43.74,2070.9011
2023-11-21,490,167.6444,189.95,447.77,378.91,46.77,132.53,44.7,2035.7545
2023-11-20,491,167.678784,189.37,445.01,378.85,48.14,134.99,44.94,2044.59
2023-11-17,492,166.41057999999998,190.4,448.27,382.7,47.82,137.2,44.23,2040.89
2023-11-16,493,164.557872,189.79,445.49,378.61,48.24,136.41,44.08,2013.6429
2023-11-15,494,165.02575400000003,189.97,452.01,377.43,47.78,136.69,43.96,2001.97
2023-11-14,495,163.167456,191.31,450.4,377.85,48.72,138.49,43.67,1991.79
2023-11-13,496,162.934842,191.31,450.4,377.85,48.72,138.49,43.67,1989.7235
2023-11-10,497,161.082294,190.64,448.15,373.07,49.94,136.97,43.64,1998.3693
2023-11-09,498,161.488632,191.45,443.81,377.44,50.41,136.25,44.74,1977.1941
2023-11-08,499,161.92532200000002,189.69,444.68,369.85,49.3,135.31,43.81,1980.0077
2023-11-07,500,159.2997,189.71,445.59,376.17,49.48,136.93,43.35,1980.8512
2023-11-06,501,150.65094000000002,188.01,445.14,369.67,48.89,134.62,40.61,1959.0912
2023-11-03,502,148.563624,187.44,444.22,370.27,49.66,133.62,39.41,1962.674
2023-11-02,503,142.16313000000002,184.8,445.03,366.68,48.62,132.09,38.23,1945.89
2023-11-01,504,139.70748000000003,186.4,444.87,369.67,48.34,132.59,38.86,1936.79
2023-10-31,505,141.8578,182.41,442.46,360.69,46.95,130.24,37.8,1958.19
2023-10-30,506,139.10534399999997,182.89,444.66,363.2,46.57,131.84,37.92,1949.79
2023-10-27,507,137.888712,181.82,450.15,360.53,45.95,130.97,38.77,1968.4049
2023-10-26,508,138.20206999999996,179.23,451.16,356.53,45.75,130.25,37.95,1977.6833
2023-10-25,509,137.11661999999998,176.65,453.34,352.8,45.01,129.1,38.14,1992.2676
2023-10-24,510,135.55368,177.57,458.04,348.32,43.51,127.49,37.7,1985.507
2023-10-23,511,132.6284,173.97,452.38,346.07,42.33,126.45,37.29,1982.15
2023-10-20,512,132.15769600000002,170.77,454.64,338.11,40.78,124.08,36.5,1982.705
2023-10-19,513,131.28280999999998,170.29,445.84,337.31,41.16,124.46,35.69,1995.8784
2023-10-18,514,129.324488,168.22,443.39,329.81,40.5,122.17,35.54,2005.7837
2023-10-17,515,127.98720000000002,166.89,445.97,327.89,40.33,122.28,32.52,1984.8177
2023-10-16,516,134.107848,171.1,447.69,340.67,41.78,125.61,32.83,1979.6184
2023-10-13,517,134.933472,173.44,440.9,330.53,43.66,138.81,34.59,1970.11
2023-10-12,518,136.23036,173.0,446.16,329.32,42.98,136.5,33.85,1972.5933
2023-10-11,519,134.65821599999998,172.88,444.17,326.67,41.39,135.6,34.92,1981.0446
2023-10-10,520,137.37889400000003,175.46,449.18,331.32,42.1,137.75,35.67,1973.7035
2023-10-09,521,137.37640000000002,175.84,446.07,330.11,42.2,137.96,35.64,1947.6886
2023-10-06,522,141.66270000000003,177.15,441.13,332.06,43.94,139.72,36.06,1923.0732
2023-10-05,523,141.37162,178.72,440.41,332.64,46.09,139.09,36.56,1919.4387
2023-10-04,524,140.27413199999998,178.85,441.06,327.73,45.46,137.36,35.97,1931.6975
2023-10-03,525,143.82726399999999,180.71,434.14,331.16,46.95,138.97,36.84,1868.649
2023-10-02,526,146.76940800000003,179.8,436.65,332.42,46.81,140.55,36.88,1873.6082
2023-09-29,527,145.070246,178.39,435.1,328.39,45.8,138.06,36.43,1860.0874
2023-09-28,528,140.21868,178.99,436.53,329.82,45.27,138.42,36.06,1860.8815
2023-09-27,529,142.551076,177.49,400.73,327.26,45.76,137.58,36.19,1832.2573
2023-09-26,530,139.507848,174.91,397.35,319.36,44.69,135.07,35.89,1820.0059
2023-09-25,531,140.257062,173.66,401.33,318.95,44.04,135.24,35.93,1821.0754
2023-09-22,532,139.28914999999998,172.4,403.83,313.39,43.52,132.43,35.69,1822.8116
2023-09-21,533,140.839344,173.75,407.82,321.8,44.78,134.17,35.46,1827.4033
2023-09-20,534,143.39262,171.21,408.96,315.75,43.5,130.86,35.55,1848.3134
2023-09-19,535,143.15892200000002,170.69,410.96,313.64,43.09,132.31,35.18,1864.5591
2023-09-18,536,140.91,170.43,408.72,312.79,42.47,130.54,34.61,1874.6953
2023-09-15,537,137.32544,171.96,408.75,312.14,41.91,128.56,33.83,1900.4861
2023-09-14,538,140.29631999999998,176.08,412.9,317.54,42.22,131.11,34.29,1915.6553
2023-09-13,539,141.927248,174.79,413.65,317.01,41.61,130.25,34.18,1924.9875
2023-09-12,540,142.476144,173.93,417.54,319.53,41.02,130.44,34.65,1919.5691
2023-09-11,541,145.17558,175.49,426.95,320.77,42.24,133.74,34.69,1929.6838
2023-09-08,542,143.648358,179.07,425.31,328.65,43.52,138.04,36.34,1930.9449
2023-09-07,543,146.64542,177.97,429.86,329.06,43.97,138.21,37.99,1933.1396
2023-09-06,544,147.14555,175.01,424.05,330.22,43.9,137.4,37.88,1923.575
2023-09-05,545,145.121958,175.74,425.89,338.7,45.58,138.1,38.67,1910.3188
2023-09-01,546,143.90539199999998,174.21,420.99,336.06,45.48,136.71,38.71,1906.3022
2023-08-31,547,146.14118399999998,176.3,417.83,331.77,44.87,135.34,38.86,1913.2614
2023-08-30,548,147.226104,179.36,420.66,337.94,45.18,136.92,38.59,1921.6626
2023-08-29,549,146.704688,178.18,423.09,334.27,45.57,136.38,38.01,1917.8051
2023-08-28,550,145.998554,177.56,425.94,329.91,46.24,135.26,38.18,1919.1866
2023-08-25,551,147.238802,182.91,423.94,332.88,47.06,134.46,36.98,1916.2759
2023-08-24,552,147.89312,189.7,445.19,333.55,48.55,135.77,36.71,1925.8112
2023-08-23,553,149.10831599999997,189.46,448.18,328.66,48.51,135.66,36.61,1938.1913
2023-08-22,554,148.12875,189.46,448.18,328.66,48.51,135.66,36.61,1938.795
2023-08-21,555,150.559808,187.87,448.35,327.76,49.35,136.17,35.14,1939.7441
2023-08-18,556,151.07892,187.65,452.41,328.79,49.26,135.88,34.53,1942.2399
2023-08-17,557,152.365016,184.12,448.4,328.41,48.78,134.57,34.31,1937.1222
2023-08-16,558,149.27460000000002,180.19,452.32,323.7,46.84,131.01,33.62,1919.6586
2023-08-15,559,147.312,178.61,451.09,322.98,46.02,129.88,33.25,1914.5255
2023-08-14,560,146.57003999999998,176.38,452.55,319.97,47.16,129.78,32.59,1917.4348
2023-08-11,561,148.7683,181.12,454.57,327.0,47.12,132.37,33.98,1914.3149
2023-08-10,562,148.45436,177.23,452.94,322.46,45.67,129.08,32.89,1897.4651
2023-08-09,563,146.94137199999997,175.84,451.49,321.88,46.97,128.37,33.14,1893.9449
2023-08-08,564,146.0256,174.49,450.06,316.48,43.3,127.46,32.75,1888.1934
2023-08-07,565,147.64992199999998,174.0,446.68,316.88,43.34,129.92,32.58,1888.8873
2023-08-04,566,150.191688,176.57,445.13,320.4,43.49,128.7,33.53,1891.7622
2023-08-03,567,150.104464,177.45,443.58,321.86,43.94,129.78,34.77,1901.5571
2023-08-02,568,151.260288,179.46,450.08,324.04,43.75,131.33,35.68,1907.9026
2023-08-01,569,150.392448,177.79,454.05,321.01,40.85,129.56,34.89,1913.3182
2023-07-31,570,153.11313400000003,177.97,450.05,322.93,42.39,129.69,34.68,1912.0607
2023-07-28,571,160.73250399999998,178.19,452.81,322.23,42.55,129.66,34.28,1914.589
2023-07-27,572,159.57787199999999,179.8,449.47,326.05,44.66,131.4,35.02,1924.8151
2023-07-26,573,163.247676,178.85,449.78,330.11,45.42,131.53,35.23,1936.3871
2023-07-25,574,163.87284,181.99,445.72,327.78,44.68,128.11,35.14,1941.6233
2023-07-24,575,160.066944,191.17,447.92,326.66,44.52,128.45,34.87,1933.7369
2023-07-21,576,161.65595199999998,192.58,448.56,327.5,44.27,128.38,34.39,1933.5649
2023-07-20,577,165.235172,195.6,451.28,336.34,46.51,131.55,35.8,1944.0793
2023-07-19,578,170.36951399999998,196.45,446.37,335.92,46.73,132.72,35.77,1964.1884
2023-07-18,579,169.93941999999998,195.83,449.0,338.37,46.75,132.58,36.83,1959.2013
2023-07-17,580,170.827664,193.22,448.64,330.72,45.9,129.4,34.55,1944.9862
2023-07-14,581,167.220304,194.5,452.81,337.77,45.45,129.27,34.36,1972.1031
2023-07-13,582,167.78454,193.62,454.15,350.98,45.68,122.21,34.1,1964.5824
2023-07-12,583,167.14682,192.75,456.8,345.11,44.61,121.53,33.63,1954.5126
2023-07-11,584,168.62468,191.94,454.76,343.77,44.31,120.02,34.02,1960.2273
2023-07-10,585,168.47792,193.13,456.01,346.87,45.52,119.2,33.37,1969.6201
2023-07-07,586,166.245508,195.1,451.51,355.08,47.08,122.03,34.46,1977.251
2023-07-06,587,168.61452,193.73,455.7,359.49,47.49,123.76,34.5,1978.715
2023-07-05,588,168.42012799999998,193.99,469.97,345.73,46.46,124.65,34.37,1954.7355
2023-07-03,589,169.07862,190.69,464.31,345.24,45.47,125.42,33.15,1954.9254
2023-06-30,590,168.9212,190.54,466.38,342.66,45.98,124.54,33.87,1960.1945
2023-06-29,591,166.09652799999998,189.77,461.96,337.2,43.9,118.93,33.98,1957.0885
2023-06-28,592,160.66558799999999,188.08,466.29,332.47,42.41,117.14,33.3,1931.995
2023-06-27,593,158.803562,188.61,460.38,331.83,42.18,116.45,32.74,1924.9937
2023-06-26,594,156.41135400000002,190.68,458.71,337.22,42.5,119.48,31.85,1924.2825
2023-06-23,595,154.834914,191.81,461.64,341.27,42.1,120.11,31.97,1910.7972
2023-06-22,596,158.250984,191.33,462.76,338.15,42.32,121.75,32.51,1917.3224
2023-06-21,597,159.8919,192.46,462.58,337.99,42.41,119.9,33.62,1925.09
2023-06-20,598,162.333858,192.46,462.58,337.99,42.41,119.9,33.62,1921.4285
2023-06-16,599,166.42113999999998,193.97,460.38,340.54,42.3,119.7,33.44,1919.5654
2023-06-15,600,163.590112,189.59,457.44,335.05,40.82,119.1,32.91,1908.1525
2023-06-14,601,166.632792,189.25,449.66,335.85,41.12,120.18,33.57,1907.4233
2023-06-13,602,172.670004,188.06,453.15,334.57,41.88,118.33,34.1,1913.3525
2023-06-12,603,169.535392,185.27,452.8,328.6,40.63,118.34,33.34,1922.8533
2023-06-09,604,170.935522,186.68,459.36,335.02,42.21,122.34,33.0,1921.3632
2023-06-08,605,175.865712,187.0,463.43,339.71,43.02,123.15,32.71,1913.516
2023-06-07,606,176.161392,183.96,466.04,333.56,43.05,120.55,32.9,1932.2631
2023-06-06,607,176.315232,185.01,458.38,338.05,43.81,123.1,35.0,1935.9139
2023-06-05,608,178.35626000000002,184.92,459.17,342.33,42.69,123.53,36.37,1950.12
2023-06-02,609,179.06067399999998,184.92,459.17,342.33,42.69,123.53,36.37,1957.3625
2023-06-01,610,181.44621,186.01,455.95,348.1,42.65,125.09,35.82,1957.6548
2023-05-31,611,177.996654,183.95,452.55,337.34,43.0,123.67,35.58,1942.9904
2023-05-30,612,177.468786,183.31,452.37,334.29,41.02,123.83,33.91,1943.3285
2023-05-26,613,172.95104600000002,183.79,459.87,331.85,39.48,123.64,33.07,1956.9218
2023-05-25,614,169.95305799999997,180.96,462.69,326.79,38.77,122.23,31.34,1960.5997
2023-05-24,615,171.159156,180.57,464.17,325.26,38.51,122.14,31.82,1967.7615
2023-05-23,616,169.50466200000002,177.82,461.75,323.38,37.48,122.5,31.28,1939.6318
2023-05-22,617,169.302676,179.21,458.63,333.68,38.65,127.31,30.96,1962.8475
2023-05-19,618,169.806624,179.58,454.69,335.94,39.17,126.01,29.86,1961.7581
2023-05-18,619,170.525168,180.95,454.49,335.4,39.33,124.67,31.31,1947.6322
2023-05-17,620,168.603348,180.09,449.67,332.58,39.77,123.72,31.13,1977.8751
2023-05-16,621,163.889792,177.25,444.01,328.39,37.83,122.87,31.44,1962.3011
2023-05-15,622,168.14317799999998,177.3,447.97,331.21,40.11,123.67,29.99,1959.1445
2023-05-12,623,166.998,175.43,448.45,332.89,38.95,124.61,29.0,1942.84
2023-05-11,624,168.02363200000002,175.43,448.45,332.89,38.95,124.61,29.0,1946.3251
2023-05-10,625,164.686716,172.99,442.83,325.92,37.98,123.48,27.4,1940.3364
2023-05-09,626,163.649048,171.84,452.72,313.85,30.54,120.9,29.0,1957.0114
2023-05-08,627,167.377792,171.56,452.63,315.26,30.69,122.56,29.51,1974.7275
2023-05-05,628,170.72731199999998,174.2,454.72,321.18,31.18,125.05,30.28,1969.4316
2023-05-04,629,172.594356,175.16,454.49,318.34,31.26,122.76,29.93,1976.5551
2023-05-03,630,169.870206,175.05,455.75,318.52,31.68,122.83,29.68,1958.0533
2023-05-02,631,166.291938,172.69,457.3,314.0,30.18,120.84,28.87,1981.7222
2023-05-01,632,162.48056,172.07,447.73,311.74,29.21,119.51,29.22,1988.6034
2023-04-28,633,163.754064,172.07,451.92,309.46,28.95,116.51,29.8,2020.5997
2023-04-27,634,162.82847999999998,172.57,450.79,308.97,28.34,117.51,28.95,2011.15
2023-04-26,635,162.465804,173.75,450.69,310.11,28.58,116.57,28.86,2015.5499
2023-04-25,636,163.77768,173.56,453.15,312.31,28.89,111.75,29.97,2029.51
2023-04-24,637,165.10144,171.77,452.04,307.0,28.57,107.35,30.1,2034.17
2023-04-21,638,164.861928,173.5,450.96,308.65,29.15,107.77,30.77,2021.39
2023-04-20,639,165.78381599999997,173.57,455.54,310.65,28.68,105.57,30.99,2016.5428
2023-04-19,640,163.51335,165.79,451.93,305.41,27.56,104.69,31.24,2051.1084
2023-04-18,641,165.309932,167.45,453.07,304.4,27.8,105.41,30.65,2039.0168
2023-04-17,642,162.037268,168.54,458.89,305.41,28.21,105.32,29.77,2016.278
2023-04-14,643,164.08780000000002,169.68,464.45,307.26,27.75,107.34,31.06,1989.6475
2023-04-13,644,162.493872,168.41,465.0,304.83,27.23,107.59,29.86,1987.8702
2023-04-12,645,160.83072,163.76,461.62,295.37,26.96,103.71,29.05,1989.4799
2023-04-11,646,161.705336,163.77,475.58,275.42,26.24,103.85,28.88,1997.8723
2023-04-10,647,160.823206,165.33,480.92,281.77,27.04,105.97,29.66,1988.8757
2023-04-06,648,160.014668,165.02,482.55,285.76,27.12,105.41,30.3,1982.8948
2023-04-05,649,160.1182,166.65,490.6,286.11,27.1,105.29,30.86,2004.3384
2023-04-04,650,160.56373200000002,167.63,495.16,288.45,27.93,104.18,31.15,1993.2642
2023-04-03,651,161.49311999999998,166.47,501.41,288.37,27.67,104.5,31.83,2004.926
2023-03-31,652,160.67775600000002,165.23,489.64,288.8,27.0,105.97,32.14,1994.7711
2023-03-30,653,160.776,165.21,487.99,286.14,26.76,108.87,31.89,2003.04
2023-03-29,654,159.34283200000002,165.56,492.14,289.84,26.46,107.43,32.13,2039.735
2023-03-28,655,159.142698,160.1,488.1,283.49,26.5,104.64,32.02,2014.6711
2023-03-27,656,156.38394,160.8,487.84,282.83,27.17,105.35,32.35,2003.1409
2023-03-24,657,154.10304000000002,164.66,490.17,291.6,27.04,108.42,32.81,2008.0164
2023-03-23,658,156.937782,163.76,489.99,284.34,26.88,104.47,32.83,2020.3533
2023-03-22,659,161.607712,165.63,488.54,287.18,27.45,104.72,33.1,2019.9702
2023-03-21,660,161.52926999999997,166.17,486.62,287.23,27.96,104.36,32.89,1984.1057
2023-03-20,661,161.782914,164.9,472.73,288.3,27.78,103.73,32.67,1967.9
2023-03-17,662,161.901652,162.36,473.18,284.05,27.38,100.89,32.09,1980.2502
2023-03-16,663,158.63309,160.77,474.19,280.51,26.98,101.39,31.52,1964.0404
2023-03-15,664,155.618736,157.65,471.44,275.23,26.41,101.03,29.29,1973.6927
2023-03-14,665,152.93613599999998,158.28,473.39,276.38,26.53,102.46,29.18,1956.5594
2023-03-13,666,151.25002200000003,160.25,474.54,280.57,26.78,105.44,29.36,1977.2172
2023-03-10,667,157.22994,158.93,467.9,277.66,27.19,105.6,29.03,1993.5033
2023-03-09,668,157.33237,157.83,468.9,272.29,26.47,103.37,28.13,1969.5811
2023-03-08,669,153.731226,159.28,474.76,273.78,26.2,104.92,28.46,1940.1461
2023-03-07,670,148.80115800000002,157.4,475.7,272.23,25.9,101.22,29.16,1978.7122
2023-03-06,671,146.50817600000002,155.0,465.87,279.43,25.73,101.62,29.81,1987.9301
2023-03-03,672,149.48808,155.85,473.24,276.2,25.54,100.32,30.18,1919.1161
2023-03-02,673,146.04075,152.99,473.31,265.44,24.23,96.11,28.41,1918.0975
2023-03-01,674,156.236456,152.59,478.87,260.79,24.06,93.97,28.01,1902.1171
2023-02-28,675,151.235984,150.47,477.33,253.92,22.97,91.11,26.95,1913.235
2023-02-27,676,156.98425,148.5,475.5,248.59,22.96,90.63,27.22,1867.83
2023-02-24,677,159.92728,150.59,475.85,252.32,23.44,92.32,26.44,1830.89
2023-02-23,678,157.97020799999999,152.87,479.5,253.7,24.18,94.25,25.98,1813.59
2023-02-22,679,156.116694,151.6,478.66,254.15,23.29,93.86,25.53,1813.52
2023-02-21,680,157.521856,153.83,480.17,256.87,23.55,95.13,25.99,1846.85
2023-02-17,681,156.375456,151.03,477.89,255.29,23.89,93.65,26.4,1854.97
2023-02-16,682,153.06981600000003,145.91,478.31,251.11,23.31,92.0,26.2,1836.0004
2023-02-15,683,155.00511,145.31,474.33,246.27,22.7,90.36,25.33,1836.8051
2023-02-14,684,153.03472,147.41,474.26,249.42,23.22,90.06,24.93,1827.15
2023-02-13,685,152.52866,147.92,479.49,250.16,23.5,89.87,24.9,1817.31
2023-02-10,686,149.183716,146.71,480.4,249.22,23.29,89.13,25.14,1810.81
2023-02-09,687,154.66581,149.4,479.08,254.77,23.66,90.89,25.61,1822.64
2023-02-08,688,153.014834,148.91,479.53,251.51,20.75,91.65,25.47,1825.04
2023-02-07,689,153.02560400000002,148.48,479.19,252.67,20.66,91.79,26.06,1834.3232
2023-02-06,690,154.525812,152.55,475.63,258.06,21.39,94.35,27.61,1841.14
2023-02-03,691,155.533536,152.55,475.63,258.06,21.39,94.35,27.61,1841.59
2023-02-02,692,157.22498399999998,153.71,471.25,262.15,22.0,95.51,28.2,1837.44
2023-02-01,693,158.73165,155.33,480.51,269.32,22.76,96.94,28.85,1836.19
2023-01-31,694,155.67897,153.2,481.58,272.17,22.97,94.68,28.64,1854.29
2023-01-30,695,156.68352000000002,153.85,481.97,271.32,21.79,94.61,28.55,1853.39
2023-01-27,696,155.57745,151.01,480.83,263.1,21.27,94.57,27.8,1864.67
2023-01-26,697,160.417312,150.87,470.09,263.62,22.34,95.01,27.73,1861.39
2023-01-25,698,149.990254,151.92,469.65,266.73,22.2,99.37,28.24,1875.59
2023-01-24,699,151.04417800000002,154.65,468.33,267.56,22.17,107.64,29.05,1873.81
2023-01-23,700,153.39608,151.73,469.1,256.77,21.09,102.9,28.69,1867.36
2023-01-20,701,156.520086,154.5,459.08,258.35,21.1,104.78,30.32,1865.53
2023-01-19,702,156.79852,150.82,457.19,264.6,21.71,107.74,30.19,1912.37
2023-01-18,703,157.1427,145.43,462.25,252.75,20.94,100.43,29.07,1950.42
2023-01-17,704,155.21798,144.29,463.26,247.81,19.54,98.84,28.26,1927.88
2023-01-13,705,155.351144,143.0,460.59,242.71,19.16,96.94,27.95,1922.5173
2023-01-12,706,157.02815,145.93,459.6,248.16,20.36,99.37,28.16,1927.34
2023-01-11,707,156.866934,143.96,459.81,248.0,19.8,97.52,30.09,1928.99
2023-01-10,708,155.88803,141.86,454.16,240.61,19.32,95.22,29.7,1945.93
2023-01-09,709,155.98205000000002,142.53,449.23,242.04,19.27,97.7,29.92,1937.45
2023-01-06,710,156.41225599999999,141.11,441.28,242.58,19.19,99.79,30.27,1931.3
2023-01-05,711,154.01073999999997,137.87,443.28,240.22,17.84,98.02,29.22,1926.574
2023-01-04,712,152.22762,135.27,439.31,231.93,16.77,93.05,28.42,1931.39
2023-01-03,713,156.440832,135.21,441.27,235.81,17.38,91.12,28.81,1903.76
2022-12-30,714,156.426,135.94,447.16,240.35,17.7,91.29,29.6,1908.39
2022-12-29,715,153.93331199999997,134.76,449.83,239.23,16.9,92.12,30.11,1918.0006
2022-12-28,716,154.23403199999998,134.76,449.83,239.23,16.9,92.12,30.11,1920.21
2022-12-27,717,154.07827600000002,133.41,461.74,238.51,16.51,91.13,30.29,1896.86
2022-12-23,718,150.74208,133.49,463.0,235.77,16.0,91.52,29.85,1876.38
2022-12-22,719,148.27947599999996,130.73,462.29,228.85,15.91,88.42,29.44,1877.27
2022-12-21,720,148.411152,130.15,458.99,227.12,15.63,88.02,29.31,1871.59
2022-12-20,721,144.90741599999998,129.62,473.24,224.93,14.86,87.34,28.73,1865.71
2022-12-19,722,141.85168000000002,125.02,477.07,222.31,14.27,86.2,27.56,1833.19
2022-12-16,723,143.383272,126.36,476.5,229.1,14.75,88.08,27.68,1854.09
2022-12-15,724,138.089324,125.07,477.53,239.58,14.31,89.12,26.73,1839.49
2022-12-14,725,138.414084,129.93,486.49,239.82,14.61,88.23,26.43,1823.6899
2022-12-13,726,138.740728,129.93,486.49,239.82,14.61,88.23,26.43,1824.4
2022-12-12,727,139.062084,129.61,487.05,241.01,14.6,88.45,26.21,1814.89
2022-12-09,728,136.22793599999997,126.04,483.22,234.53,14.04,86.02,25.54,1804.09
2022-12-08,729,137.78337600000003,130.03,485.5,236.96,14.12,87.39,25.94,1813.93
2022-12-07,730,136.43235599999997,131.86,483.29,238.73,15.21,89.23,26.09,1797.91
2022-12-06,731,136.183608,132.23,479.3,238.19,15.34,87.76,25.97,1792.57
2022-12-05,732,137.73297,135.45,487.65,244.43,16.5,89.58,26.83,1814.13
2022-12-02,733,135.715138,132.3,486.15,241.8,16.09,89.02,26.44,1817.4084
2022-12-01,734,135.76521000000002,132.37,481.79,240.45,16.25,88.44,26.79,1787.44
2022-11-30,735,134.476056,134.51,481.79,244.69,16.57,90.26,26.92,1792.34
2022-11-29,736,135.502752,136.5,478.79,249.01,16.95,90.86,27.15,1776.66
2022-11-28,737,142.09196400000002,143.21,485.19,257.22,17.67,95.07,28.26,1807.27
2022-11-25,738,143.35618,145.47,480.22,256.92,18.07,95.63,28.73,1810.29
2022-11-23,739,141.48505000000003,144.49,486.32,252.51,17.54,93.31,28.69,1781.15
2022-11-22,740,140.51232,142.16,483.58,245.42,17.0,92.83,28.24,1796.63
2022-11-21,741,139.3392,142.65,485.38,247.4,17.17,93.71,28.44,1789.23
2022-11-18,742,139.61145,140.94,481.2,244.37,16.12,94.94,28.33,1786.22
2022-11-17,743,140.03334399999997,142.91,484.0,245.12,15.99,96.98,28.6,1770.91
2022-11-16,744,142.090104,146.63,490.67,250.2,16.61,99.48,29.17,1768.39
2022-11-15,745,141.94686,147.81,496.23,255.02,16.88,100.44,29.41,1797.82
2022-11-14,746,140.637052,148.31,483.69,254.69,17.14,100.99,29.83,1802.89
2022-11-11,747,136.53441,148.03,485.19,255.14,16.92,100.99,30.07,1768.45
2022-11-10,748,137.431716,141.17,484.1,240.33,15.64,95.19,28.9,1749.73
2022-11-09,749,135.972898,144.22,483.21,241.76,15.83,96.05,28.73,1740.75
2022-11-08,750,137.27637000000001,148.11,483.46,247.49,16.27,97.46,29.34,1756.14
2022-11-07,751,136.303168,151.07,481.07,247.58,16.52,98.46,29.67,1754.96
2022-11-04,752,135.84186000000003,151.07,481.07,247.58,16.52,98.46,29.67,1749.28
2022-11-03,753,134.62653600000002,150.18,479.5,245.03,16.04,97.05,29.82,1740.24
2022-11-02,754,132.21131,148.01,480.94,242.05,15.32,95.6,28.94,1737.8081
2022-11-01,755,136.793,151.29,476.82,241.22,15.41,97.43,29.87,1749.74
2022-10-31,756,134.24488000000002,150.72,472.77,241.68,15.68,98.36,29.89,1760.87
2022-10-28,757,125.867904,148.79,466.24,241.73,15.91,98.85,29.53,1773.77
2022-10-27,758,127.40457599999999,150.04,467.25,241.97,16.67,98.44,30.71,1778.25
2022-10-26,759,126.85294999999999,148.28,462.04,241.55,16.3,95.7,30.35,1771.8
2022-10-25,760,126.91551999999999,149.7,463.86,247.11,16.33,96.41,30.43,1770.69
2022-10-24,761,123.21056,146.87,490.77,242.98,15.75,93.94,29.76,1754.75
2022-10-21,762,115.88733600000002,134.87,485.18,224.51,13.78,87.32,27.52,1706.32
2022-10-20,763,117.37908800000002,139.5,494.12,228.87,14.6,88.9,28.48,1712.52
2022-10-19,764,114.777664,138.92,488.63,227.87,14.3,88.49,28.41,1674.68
2022-10-18,765,112.58784,138.38,481.67,221.39,14.16,86.58,28.2,1680.27
2022-10-17,766,105.40830999999999,138.88,484.82,214.25,13.42,83.43,27.39,1629.15
2022-10-14,767,108.301144,145.03,482.06,220.1,13.22,86.97,27.42,1634.887
2022-10-13,768,110.88502,150.65,485.63,228.17,13.54,90.47,28.3,1647.5033
2022-10-12,769,109.345512,153.34,486.68,232.13,13.5,94.51,28.43,1633.1224
2022-10-11,770,111.027672,155.74,484.87,235.87,13.83,96.29,29.07,1641.76
2022-10-10,771,111.77364,144.8,471.93,226.75,13.18,92.22,26.27,1662.9399
2022-10-07,772,113.225172,149.35,462.56,231.32,12.9,94.93,27.21,1664.4884
2022-10-06,773,110.839536,152.34,460.15,250.66,13.26,104.48,27.41,1652.5239
2022-10-05,774,108.456016,149.45,457.46,247.25,12.6,102.52,27.18,1648.6
2022-10-04,775,105.34424,147.27,454.61,242.12,12.47,101.13,26.97,1656.66
2022-10-03,776,105.55857,143.39,444.34,236.15,12.19,99.97,26.08,1627.6637
2022-09-30,777,105.50725800000001,143.86,439.96,236.48,12.05,99.63,26.0,1628.4883
2022-09-29,778,106.71686399999999,143.75,431.84,238.5,11.97,100.77,25.87,1651.8273
2022-09-28,779,105.286276,142.41,397.31,237.53,11.89,99.97,26.42,1649.9447
2022-09-27,780,101.233104,138.38,389.41,228.56,11.23,96.56,25.91,1641.7584
2022-09-26,781,102.851052,142.99,405.96,234.24,11.96,99.06,26.42,1665.7972
2022-09-23,782,99.407776,138.34,397.42,225.75,11.5,97.56,25.33,1672.5052
2022-09-22,783,100.03793,138.98,411.06,225.41,11.59,97.18,25.04,1665.3075
2022-09-21,784,100.7636,140.42,409.99,229.25,11.67,97.86,25.2,1667.9564
2022-09-20,785,100.001106,140.09,403.96,234.24,12.08,98.68,25.72,1694.52
2022-09-19,786,102.911032,145.43,399.61,246.79,13.13,101.42,27.18,1710.85
2022-09-16,787,103.00996799999999,146.4,402.51,249.2,13.21,101.43,27.64,1715.8105
2022-09-15,788,106.13925599999999,146.1,406.11,248.88,13.17,101.64,27.7,1726.2408
2022-09-14,789,99.143808,142.45,399.74,240.74,12.51,98.64,26.97,1699.2225
2022-09-13,790,99.16588,138.2,386.29,232.9,12.14,95.65,25.77,1659.67
2022-09-12,791,96.432364,142.48,389.79,237.5,12.22,97.42,26.38,1660.2917
2022-09-09,792,96.814364,149.84,400.0,241.07,12.74,100.05,27.13,1659.4449
2022-09-08,793,93.92486400000001,151.76,399.74,236.41,12.41,97.5,26.89,1628.8024
2022-09-07,794,94.37895,150.77,407.65,237.45,12.23,98.17,26.97,1621.5675
2022-09-06,795,95.57247,150.43,413.07,237.92,12.52,98.74,27.52,1643.09
2022-09-02,796,97.435416,152.74,422.08,240.98,12.56,100.14,28.07,1670.5345
2022-09-01,797,99.25533,153.72,420.2,238.95,13.26,99.28,28.47,1673.7368
2022-08-31,798,99.07189000000001,156.9,420.58,242.45,13.18,101.14,28.96,1663.1089
2022-08-30,799,101.2222,154.48,416.52,244.52,13.38,103.07,29.44,1675.7758
2022-08-29,800,100.29021,150.7,414.29,244.74,13.2,102.8,29.24,1674.9448
2022-08-26,801,102.009798,152.37,413.59,245.38,12.93,102.91,28.84,1663.7408
2022-08-25,802,102.483744,155.31,416.63,252.22,13.13,105.0,29.18,1695.795
2022-08-24,803,104.24632,153.84,409.33,251.99,13.13,104.32,29.29,1701.554
2022-08-23,804,108.860202,163.43,418.64,266.65,14.51,110.86,31.56,1724.0702
2022-08-22,805,105.40950000000001,157.37,421.53,264.46,14.39,110.65,31.46,1716.05
2022-08-19,806,103.058128,154.46,419.65,258.52,13.99,108.38,30.75,1707.275
2022-08-18,807,104.44955399999999,155.96,420.14,258.09,13.71,109.45,30.65,1717.6935
2022-08-17,808,102.50550399999999,154.53,417.78,253.25,13.46,106.81,30.36,1701.1531
2022-08-16,809,101.30475600000001,155.81,418.57,256.06,13.65,107.85,31.22,1710.2063
2022-08-15,810,104.36608799999999,155.81,418.57,256.06,13.65,107.85,31.22,1711.44
2022-08-12,811,99.062128,157.96,422.61,260.4,13.94,109.74,31.76,1696.09
2022-08-11,812,101.656156,157.22,420.11,261.47,15.09,108.22,31.92,1710.705
2022-08-10,813,103.86448800000001,158.91,425.11,262.97,15.47,108.94,32.26,1723.5498
2022-08-09,814,102.16889,161.38,429.68,265.23,15.8,109.42,32.94,1737.8237
2022-08-08,815,102.49869000000001,163.62,431.13,268.09,16.26,110.34,33.36,1736.86
2022-08-05,816,105.006272,170.03,438.64,278.85,17.91,116.65,34.89,1758.4374
2022-08-04,817,104.49299,167.53,433.71,275.79,17.22,113.69,33.86,1750.8882
2022-08-03,818,102.85944,167.23,433.12,276.44,17.18,113.86,33.95,1747.6746
2022-08-02,819,103.08817,167.57,432.33,277.75,17.03,114.24,33.84,1735.705
2022-08-01,820,108.56788000000002,171.52,440.03,286.15,17.85,117.21,35.38,1747.829
2022-07-29,821,111.230288,174.15,439.35,290.17,18.77,120.17,36.2,1758.1956
2022-07-28,822,110.59552000000001,174.55,441.59,291.32,18.34,119.55,35.78,1761.05
2022-07-27,823,113.94467999999999,173.03,440.16,292.71,18.88,121.7,36.19,1775.5417
2022-07-26,824,113.99520000000001,173.19,438.01,293.47,19.03,122.08,36.34,1778.91
2022-07-25,825,114.72547200000001,172.1,434.24,291.91,18.71,121.68,36.11,1801.7612
2022-07-22,826,113.404464,168.49,428.85,287.02,17.94,118.84,35.59,1789.4504
2022-07-21,827,112.42264600000001,169.24,429.99,289.16,18.1,119.7,35.37,1792.1278
2022-07-20,828,108.76757199999999,164.92,428.55,282.3,17.09,116.63,34.52,1794.0846
2022-07-19,829,111.53330000000001,164.87,423.86,280.32,17.79,117.3,35.38,1788.5239
2022-07-18,830,110.606384,165.35,426.41,282.91,18.99,117.47,35.39,1774.15
2022-07-15,831,111.915018,165.81,428.13,283.65,19.21,118.19,35.66,1791.0813
2022-07-14,832,109.303656,166.13,429.3,282.47,18.89,118.08,36.52,1764.896
2022-07-13,833,108.14496,160.01,428.78,274.82,18.53,115.13,36.01,1759.7466
2022-07-12,834,109.813222,161.51,419.28,278.01,18.44,114.86,36.96,1771.7292
2022-07-11,835,110.90617200000001,162.51,413.81,280.74,18.16,116.32,36.31,1765.22
2022-07-08,836,108.17956,157.35,406.08,276.41,17.98,114.22,39.71,1755.4937
2022-07-07,837,106.631304,156.79,398.54,268.74,17.79,113.06,40.18,1733.8922
2022-07-06,838,104.01237600000002,151.6,396.81,251.9,16.53,105.02,38.96,1717.0005
2022-07-05,839,106.69680000000001,152.95,399.8,258.83,17.02,107.51,39.16,1718.78
2022-07-01,840,107.63381999999999,154.09,394.74,260.36,17.32,107.9,39.2,1726.46
2022-06-30,841,109.582792,155.35,395.2,264.84,18.05,114.34,40.61,1718.4924
2022-06-29,842,108.751422,153.04,395.22,262.27,17.81,113.9,40.56,1696.433
2022-06-28,843,108.149472,151.0,390.38,259.53,16.99,113.81,40.22,1711.0656
2022-06-27,844,102.62692,147.07,387.28,254.25,16.1,109.03,38.71,1709.0118
2022-06-24,845,100.97086999999999,150.17,398.38,256.72,15.76,111.78,38.62,1706.78
2022-06-23,846,96.01337600000001,148.47,400.31,254.08,15.37,110.37,37.71,1709.4491
2022-06-22,847,96.68666,145.49,408.0,252.72,15.16,111.35,37.21,1735.2314
2022-06-21,848,97.981468,145.86,413.99,253.67,15.08,114.02,37.21,1725.806
2022-06-17,849,97.17752,144.87,419.07,264.51,15.15,115.68,37.2,1733.6726
2022-06-16,850,101.667072,147.04,420.35,267.66,15.84,119.35,37.99,1741.82
2022-06-15,851,99.263589,146.35,422.19,268.4,15.86,118.78,38.14,1739.6115
2022-06-14,852,97.788505,142.92,425.89,266.21,15.13,114.57,36.99,1738.3035
2022-06-13,853,96.23348399999999,141.56,415.25,262.85,14.96,113.26,36.69,1764.3528
2022-06-10,854,101.417172,138.93,433.52,259.58,14.52,108.74,36.34,1809.1166
2022-06-09,855,100.1088,138.93,433.52,259.58,14.52,108.74,36.34,1810.18
2022-06-08,856,101.769738,136.72,429.96,256.83,15.16,108.96,37.41,1806.887
2022-06-07,857,105.85146000000002,139.23,418.89,260.26,15.54,111.7,37.29,1817.109
2022-06-06,858,109.534452,137.44,420.71,256.48,15.98,112.01,37.78,1819.6949
2022-06-03,859,110.21136200000001,141.66,419.25,264.89,16.87,115.83,38.63,1822.73
2022-06-02,860,108.30514799999999,141.66,419.04,267.7,17.13,117.97,38.61,1826.18
2022-06-01,861,104.45129800000001,138.27,410.62,258.86,16.23,112.24,37.41,1822.4293
2022-05-31,862,107.27701,135.35,415.45,253.13,16.36,111.49,37.38,1837.3864
2022-05-27,863,108.55485,135.87,418.96,253.74,16.57,111.54,37.73,1832.5585
2022-05-26,864,108.810186,131.56,404.01,247.65,15.88,107.14,36.97,1838.2876
2022-05-25,865,108.78027600000001,131.56,404.01,247.65,15.88,107.14,36.97,1839.35
2022-05-24,866,107.89581,130.06,404.79,244.97,15.6,106.03,37.34,1856.7075
2022-05-23,867,113.80781400000001,135.43,414.1,251.76,16.53,109.76,38.65,1833.3793
2022-05-20,868,113.74170800000002,132.76,416.17,244.49,15.84,106.72,37.93,1808.1
2022-05-19,869,116.15328,131.88,423.93,242.26,15.65,106.39,37.77,1818.7742
2022-05-18,870,121.02765000000001,137.13,430.19,252.99,16.97,111.16,39.18,1870.96
2022-05-17,871,129.151152,142.64,432.72,264.79,18.05,114.84,40.01,1847.6095
2022-05-16,872,133.02502399999997,147.96,443.41,270.41,18.65,117.19,41.23,1853.255
2022-05-13,873,133.7375,148.71,456.3,272.5,18.93,117.15,43.53,1851.9741
2022-05-12,874,134.573296,146.14,443.41,268.75,18.79,116.82,43.34,1840.9982
2022-05-11,875,132.924636,145.38,442.69,270.02,18.72,114.54,43.39,1850.7656
2022-05-10,876,134.57038,151.21,441.11,274.58,19.59,117.62,44.84,1868.1277
2022-05-09,877,130.498668,148.71,439.3,272.42,18.32,113.89,44.11,1845.55
2022-05-06,878,131.414852,148.84,440.11,271.87,18.67,113.76,44.42,1837.0925
2022-05-05,879,134.518514,149.64,450.56,273.24,18.81,112.32,44.55,1856.2129
2022-05-04,880,130.719222,149.64,450.56,273.24,18.81,112.32,44.55,1852.73
2022-05-03,881,127.100848,143.78,447.99,265.9,17.85,107.79,43.48,1850.0236
2022-05-02,882,122.62776,140.52,447.54,262.52,16.98,105.81,42.2,1852.8307
2022-04-29,883,122.58228,140.36,442.78,259.62,16.15,105.97,41.67,1865.9
2022-04-28,884,124.74063,143.11,433.03,260.65,16.9,111.49,42.0,1853.2185
2022-04-27,885,121.52448,137.59,424.15,252.56,16.69,108.91,41.65,1845.68
2022-04-26,886,119.05015599999999,137.35,425.62,253.14,17.12,110.38,42.01,1841.7188
2022-04-25,887,118.914692,140.82,434.33,254.08,16.94,111.9,42.35,1815.61
2022-04-22,888,122.87254999999999,149.24,441.0,266.82,18.18,116.47,44.4,1814.6685
2022-04-21,889,118.49615999999999,145.54,437.55,261.5,17.26,114.44,43.08,1823.7904
2022-04-20,890,120.85088799999998,147.11,435.17,261.12,17.71,116.05,43.6,1811.1544
2022-04-19,891,118.21681000000001,142.56,434.59,255.35,16.18,112.84,42.84,1821.72
2022-04-18,892,122.76847999999998,146.5,440.41,260.55,16.63,113.6,42.83,1852.1202
2022-04-14,893,120.765744,154.51,439.13,269.5,17.59,114.39,44.01,1838.1431
2022-04-13,894,117.89935000000001,152.06,438.84,264.58,16.95,112.51,43.07,1853.9207
2022-04-12,895,120.95666399999999,157.28,449.43,274.73,18.68,115.75,44.3,1882.9565
2022-04-11,896,122.87532,156.77,443.15,277.35,18.84,116.51,44.6,1876.8408
2022-04-08,897,122.96993800000001,166.02,445.74,289.98,20.33,122.26,46.54,1880.9229
2022-04-07,898,120.51712,159.48,434.77,281.78,19.6,117.33,45.06,1867.785
2022-04-06,899,120.922048,157.96,430.81,284.47,19.53,116.58,44.96,1862.7676
2022-04-05,900,124.151898,157.65,432.12,277.52,18.55,114.11,43.59,1896.3959
2022-04-04,901,122.00324400000002,163.64,441.71,289.63,19.78,118.52,46.84,1894.3423
2022-04-01,902,120.43255,156.57,444.98,283.22,18.41,114.29,45.22,1886.1154
2022-03-31,903,120.208072,156.8,446.09,270.22,18.79,118.65,45.52,1905.5576
2022-03-30,904,124.226178,162.88,442.89,280.72,19.9,123.07,47.06,1897.6925
2022-03-29,905,127.62825599999998,161.79,445.79,274.03,19.52,119.64,46.54,1929.73
2022-03-28,906,133.28279999999998,166.42,439.54,280.81,20.18,124.81,47.5,1951.495
2022-03-25,907,129.9396,167.23,453.87,286.36,21.48,128.04,48.11,1957.405
2022-03-24,908,126.325632,167.4,459.9,285.3,22.2,130.01,47.93,1949.84
2022-03-23,909,126.6759,165.29,467.66,279.83,21.26,126.73,45.67,1973.5195
2022-03-22,910,126.57078,170.4,469.19,287.62,22.2,129.89,47.01,1977.7228
2022-03-21,911,126.274464,167.66,467.55,282.06,21.5,127.71,46.5,1966.59
2022-03-18,912,126.46046000000001,165.75,464.25,285.26,21.92,128.82,46.57,1953.4324
2022-03-17,913,128.44555999999997,170.09,461.52,296.97,23.12,133.29,47.02,1945.85
2022-03-16,914,126.141288,172.14,465.51,301.37,24.21,135.89,47.56,1932.1741
2022-03-15,915,128.5374,171.83,454.58,299.5,24.41,136.55,47.54,1925.4808
2022-03-14,916,133.0166,175.06,447.24,310.88,25.93,140.59,48.13,1923.7574
2022-03-11,917,137.91484,178.44,444.01,314.97,27.36,142.97,49.2,1932.4391
2022-03-10,918,140.04151,174.31,445.98,309.42,26.71,140.15,48.11,1924.3
2022-03-09,919,139.04279,174.61,441.4,308.31,27.29,139.07,49.56,1937.23
2022-03-08,920,145.050312,177.77,445.95,313.86,27.69,141.94,51.43,1933.0594
2022-03-07,921,149.04891,178.96,437.15,315.41,28.66,142.51,52.25,1919.1851
2022-03-04,922,141.83576,175.6,444.98,310.7,28.22,141.46,51.51,1923.2025
2022-03-03,923,140.974078,174.72,453.66,303.68,27.69,141.67,51.83,1957.4
2022-03-02,924,143.079952,174.07,449.73,304.1,28.15,141.57,51.62,1957.48
2022-03-01,925,144.1524,170.21,445.25,299.49,25.63,138.28,48.27,1943.3809
2022-02-28,926,146.87964,168.82,440.59,304.06,26.52,139.87,48.39,1921.4417
2022-02-25,927,146.574312,165.38,440.0,299.16,26.73,136.1,47.39,1935.9524
2022-02-24,928,150.39221999999998,163.98,426.18,300.43,26.45,136.13,47.45,1921.087
2022-02-23,929,149.191406,160.62,428.59,295.22,24.77,133.84,47.14,1942.64
2022-02-22,930,150.299968,159.59,421.34,294.39,24.5,133.28,46.63,1927.9292
2022-02-18,931,140.567036,155.09,448.67,287.15,22.97,129.2,44.81,1917.8427
2022-02-17,932,141.288124,150.62,444.45,276.44,21.33,125.95,44.4,1951.115
2022-02-16,933,138.849752,154.73,439.04,280.07,22.1,129.87,45.83,1985.2885
2022-02-15,934,135.178764,158.52,444.36,285.59,22.66,132.43,46.66,1995.8586
2022-02-14,935,141.44989999999999,162.95,448.72,288.5,23.01,133.42,47.63,1991.49
2022-02-11,936,125.88345000000001,157.44,448.99,275.85,21.51,127.1,47.5,2052.41
2022-02-10,937,123.47405599999999,159.3,466.15,278.91,21.35,126.38,47.68,1998.11
2022-02-09,938,123.704172,163.17,458.15,289.86,22.94,131.91,48.07,1968.4535
2022-02-08,939,134.560368,166.23,447.82,295.92,23.71,133.9,47.93,1935.21
2022-02-07,940,137.67798000000002,166.56,450.0,300.19,24.22,134.57,48.87,1926.1108
2022-02-04,941,134.023796,163.2,456.61,294.95,23.48,134.06,46.82,1943.219
2022-02-03,942,142.099854,165.12,433.8,298.79,24.39,135.06,47.7,1907.9028
2022-02-02,943,146.155524,164.85,409.49,297.31,24.16,134.46,47.71,1887.5608
2022-02-01,944,138.969838,162.74,395.71,294.59,23.75,132.69,46.72,1903.144
2022-01-31,945,148.75858599999998,160.07,388.9,280.27,22.39,127.59,44.65,1907.5494
2022-01-28,946,149.5353,164.32,386.2,287.72,23.39,129.81,44.69,1898.1344
2022-01-27,947,151.07898,167.3,386.46,287.93,23.64,130.4,45.04,1905.6348
2022-01-26,948,154.35051400000003,167.3,386.46,287.93,23.64,130.4,45.04,1897.868
2022-01-25,949,158.47199999999998,168.88,388.77,290.73,24.51,132.54,47.57,1897.2697
2022-01-24,950,162.110742,172.55,386.9,299.5,26.51,137.74,48.23,1868.3674
2022-01-21,951,162.84504,172.79,382.22,300.47,26.5,136.61,48.44,1853.06
2022-01-20,952,157.70475000000002,168.88,386.97,295.0,24.27,135.53,47.58,1870.2948
2022-01-19,953,160.520256,168.64,396.19,295.04,23.95,134.28,47.63,1859.9591
2022-01-18,954,165.325836,172.12,385.43,302.38,25.82,138.62,48.86,1826.5701
2022-01-14,955,157.806352,176.28,394.54,311.21,26.7,141.59,49.91,1832.4255
2022-01-13,956,155.91523999999998,174.83,396.04,304.56,25.11,139.4,48.81,1825.4849
2022-01-12,957,155.15352000000001,171.66,392.34,300.95,24.73,139.2,48.18,1820.31
2022-01-11,958,152.048664,172.39,389.33,305.94,24.32,143.29,48.01,1807.494
2022-01-10,959,156.49471599999998,172.9,389.7,301.25,23.95,143.09,48.28,1804.4047
2022-01-07,960,158.82975600000003,175.84,387.34,313.46,25.24,148.0,49.51,1806.4976
2022-01-06,961,158.825286,174.61,387.01,308.76,24.64,137.64,48.95,1800.6519
2022-01-05,962,157.12720399999998,174.78,389.13,310.98,24.49,135.3,48.82,1796.4686
2022-01-04,963,154.152262,170.33,393.15,308.26,22.84,133.35,47.73,1791.0336
2022-01-03,964,156.55915000000002,159.22,389.08,299.84,21.94,129.0,48.05,1796.51
2021-12-31,965,158.711388,159.69,391.24,296.71,22.77,129.23,51.69,1818.1171
2021-12-30,966,156.513748,159.78,387.17,288.49,22.32,126.94,51.0,1847.56
2021-12-29,967,155.623312,161.62,373.33,296.37,23.37,130.8,51.94,1843.06
2021-12-28,968,163.88568,162.41,371.2,296.03,23.37,130.35,52.04,1833.2386
2021-12-27,969,166.1439,164.51,375.13,301.6,24.15,133.31,52.04,1838.36
2021-12-23,970,163.695994,166.23,377.33,303.33,25.07,135.12,53.62,1839.96
2021-12-22,971,161.49450000000002,169.8,376.54,302.65,25.9,136.0,54.76,1813.5367
2021-12-21,972,166.5422,173.07,372.62,310.2,26.94,139.48,55.7,1818.99
2021-12-20,973,166.48460400000002,173.07,372.62,310.2,26.94,139.48,55.7,1817.219
2021-12-17,974,173.51295,172.19,365.18,304.8,26.57,138.59,54.94,1822.0876
2021-12-16,975,174.17012400000002,175.53,361.3,318.27,28.0,141.43,55.74,1825.3195
2021-12-15,976,170.80092000000002,175.08,364.14,314.98,27.82,139.74,55.91,1822.01
2021-12-14,977,167.459312,172.19,363.25,314.27,27.4,138.67,55.21,1801.4054
2021-12-13,978,172.83854399999998,172.17,360.14,314.04,27.25,137.02,53.44,1795.6321
2021-12-10,979,174.06205599999998,172.0,358.0,313.88,28.18,137.75,54.01,1788.6758
2021-12-09,980,178.700148,174.92,358.14,316.38,27.6,137.78,53.87,1809.5342
2021-12-08,981,175.39147,179.7,361.99,329.01,29.29,144.4,53.14,1814.56
2021-12-07,982,173.611368,182.01,354.36,334.75,30.12,144.99,53.21,1800.8488
2021-12-06,983,172.87956400000002,178.2,353.58,339.32,29.59,146.2,51.74,1815.0109
2021-12-03,984,172.239944,179.38,354.27,341.95,30.0,146.66,51.83,1803.66
2021-12-02,985,172.824138,179.29,353.75,341.25,30.32,146.69,51.76,1805.3657
2021-12-01,986,170.78100000000003,180.33,350.28,342.45,30.95,147.91,51.94,1810.9
2021-11-30,987,170.169216,176.28,347.02,334.69,29.64,146.92,51.31,1807.91
2021-11-29,988,167.187536,175.64,343.14,333.2,29.4,146.41,50.97,1803.3954
2021-11-26,989,165.38621400000002,172.99,340.77,327.29,29.07,143.47,50.77,1788.3604
2021-11-24,990,163.1267,169.75,337.42,319.91,27.72,141.61,49.6,1789.318
2021-11-23,991,166.22481,171.14,344.14,323.8,27.8,141.72,50.62,1797.682
2021-11-22,992,169.92000000000002,172.26,344.84,324.9,28.39,144.44,50.83,1799.0272
2021-11-19,993,167.64996000000002,179.3,344.42,334.65,30.46,146.44,50.67,1777.06
2021-11-18,994,165.838124,174.33,345.64,328.34,28.34,143.91,49.7,1770.1758
2021-11-17,995,169.87684800000002,175.74,345.55,339.4,28.16,145.83,50.0,1786.9432
2021-11-16,996,170.841344,179.45,344.88,342.54,30.2,148.0,50.59,1782.51
2021-11-15,997,170.53178400000002,174.56,343.6,333.1,30.49,147.64,50.48,1774.46
2021-11-12,998,171.94472000000002,175.08,341.08,334.97,31.83,148.19,51.75,1782.06
2021-11-11,999,172.43653,171.18,339.17,334.92,32.43,147.27,52.57,1784.042
2021-11-10,1000,168.53019,165.32,339.96,326.19,30.04,143.16,50.99,1778.1078
