Date,DÃ­a,NVDA.O,MSFT.O,SIEGn.DE,VLO,BA,JPM,LMT,FEIM.OQ,GOOGL.O,INTC.O,MU.O,XAU= (BID)
2025-11-04,1,198.69,514.33,244.2,169.11,198.05,309.25,484.98,33.97,277.54,37.03,218.03,3931.78
2025-11-03,2,206.88,517.03,247.2,171.6,204.55,309.35,487.94,35.7,283.72,39.5,234.7,4001.42
2025-10-31,3,202.49,517.81,245.55,169.56,201.02,311.12,491.88,36.72,281.19,39.99,223.77,4001.7798
2025-10-30,4,202.89,525.76,247.0,170.1,200.08,309.44,489.72,37.42,281.48,40.16,224.01,4023.22
2025-10-29,5,207.04,541.55,245.75,170.66,213.58,305.51,485.33,37.15,274.57,41.34,226.63,3929.3633
2025-10-28,6,201.03,542.07,246.25,169.34,223.33,305.36,485.77,37.58,267.47,41.53,221.91,3951.5649
2025-10-27,7,191.49,531.52,246.8,174.35,223.0,304.15,486.91,36.81,269.27,39.54,220.1,3980.5481
2025-10-24,8,186.26,523.61,243.6,171.05,221.35,300.44,485.41,37.47,259.92,38.28,219.02,4111.5181
2025-10-23,9,182.16,520.56,239.65,173.13,217.77,294.54,488.05,39.76,253.08,38.16,206.71,4125.0024
2025-10-22,10,180.28,520.54,242.0,161.87,216.59,294.11,487.14,34.5,251.69,36.92,198.47,4093.77
2025-10-21,11,181.16,517.66,241.9,157.69,217.26,297.09,489.5,36.01,250.46,38.12,202.29,4123.8525
2025-10-20,12,182.64,516.79,243.2,160.17,216.82,302.36,505.9,36.72,256.55,38.1,206.77,4355.2549
2025-10-17,13,183.22,513.58,237.9,157.77,212.94,297.56,495.15,34.02,253.3,37.01,202.38,4248.7251
2025-10-16,14,181.81,511.61,244.25,156.39,211.89,298.54,493.25,35.98,251.46,36.84,202.53,4325.3467
2025-10-15,15,179.83,513.43,240.65,160.98,214.0,305.69,499.41,38.91,251.03,37.15,191.94,4207.5146
2025-10-14,16,180.03,513.57,238.35,162.19,214.3,302.08,505.18,38.11,245.45,35.63,187.06,4141.4697
2025-10-13,17,188.32,514.05,246.1,161.41,215.56,307.97,503.83,37.44,244.15,37.22,192.77,4110.1182
2025-10-10,18,183.16,510.96,242.3,158.02,210.73,300.89,505.05,35.52,236.57,36.37,181.6,4017.343
2025-10-09,19,192.57,522.4,246.45,162.01,216.0,305.53,507.76,38.66,241.53,37.8,192.33,3975.0449
2025-10-08,20,189.11,524.85,245.25,162.44,225.32,304.03,514.02,38.97,244.62,37.43,196.54,4037.9
2025-10-07,21,185.04,523.98,242.3,163.17,221.82,307.69,511.07,36.3,245.76,37.17,185.69,3983.5459
2025-10-06,22,185.54,528.57,243.25,163.42,219.73,309.18,514.24,38.27,250.43,36.59,190.96,3960.4097
2025-10-03,23,187.62,517.35,241.2,160.4,216.3,310.03,504.49,34.91,245.35,36.83,187.83,3885.9905
2025-10-02,24,188.89,515.74,241.2,164.7,217.43,307.55,499.36,35.69,245.69,37.3,183.75,3856.0125
2025-10-01,25,187.24,519.71,231.45,167.67,215.2,310.71,499.0,34.25,244.9,35.94,182.15,3865.4495
2025-09-30,26,186.58,517.95,229.2,170.26,215.83,315.43,499.21,33.91,243.1,33.55,167.32,3858.1787
2025-09-29,27,181.85,514.6,226.2,172.14,217.08,315.69,491.98,32.09,244.05,34.48,163.9,3833.553
2025-09-26,28,178.19,511.46,228.75,175.63,221.26,316.06,487.44,30.11,246.54,35.5,157.27,3759.6377
2025-09-25,29,177.69,507.03,223.8,174.42,213.53,313.45,484.34,29.81,245.79,33.99,156.83,3748.8196
2025-09-24,30,176.97,510.15,226.35,170.83,215.1,313.42,486.25,29.25,247.14,31.22,161.71,3735.9199
2025-09-23,31,178.43,509.23,229.0,170.39,216.34,312.74,486.67,29.84,251.66,29.34,166.41,3763.821
2025-09-22,32,183.61,514.45,227.05,166.44,212.09,312.44,480.39,29.89,252.53,28.76,164.62,3746.2075
2025-09-19,33,176.67,517.93,228.4,162.62,215.65,314.78,472.94,30.74,254.72,29.58,162.73,3683.7251
2025-09-18,34,176.24,508.45,228.0,163.85,215.66,313.23,473.62,30.82,252.03,30.57,168.89,3644.0095
2025-09-17,35,170.29,510.02,225.25,163.67,214.63,311.75,473.12,27.33,249.53,24.9,159.99,3659.6714
2025-09-16,36,174.88,509.04,226.05,162.64,215.02,309.19,474.32,27.43,251.16,25.27,158.82,3689.4661
2025-09-15,37,177.75,515.36,230.2,157.57,215.75,308.9,473.25,28.0,251.61,24.77,157.77,3678.7805
2025-09-12,38,177.82,509.9,228.55,156.72,215.94,306.91,471.31,27.13,240.8,24.08,157.23,3642.6284
2025-09-11,39,177.17,501.01,229.05,157.59,219.99,305.56,470.73,34.35,240.37,24.61,150.57,3633.7388
2025-09-10,40,177.33,500.37,228.4,158.5,227.52,300.54,463.87,32.65,239.17,24.77,140.0,3640.386
2025-09-09,41,170.76,498.41,228.5,161.83,229.52,297.85,457.06,32.56,239.63,24.44,135.24,3626.136
2025-09-08,42,168.31,498.2,230.65,157.36,230.95,292.91,459.11,32.64,234.04,24.48,131.46,3635.3601
2025-09-05,43,167.02,495.0,226.0,156.77,229.61,294.38,463.9,31.6,235.0,24.49,131.37,3586.3591
2025-09-04,44,171.66,507.97,230.05,155.39,230.75,303.82,456.85,33.04,232.3,24.61,124.21,3545.3333
2025-09-03,45,170.62,505.35,229.45,155.38,232.38,299.51,449.06,31.77,230.66,24.0,118.72,3558.7222
2025-09-02,46,170.78,505.12,228.7,154.28,237.38,299.7,452.5,32.51,211.35,24.21,118.48,3532.9294
2025-08-29,47,174.18,506.69,236.6,152.01,234.68,301.42,455.63,32.25,212.91,24.35,119.01,3446.7451
2025-08-28,48,180.17,509.64,236.85,151.16,236.16,301.07,456.18,32.81,211.64,24.93,122.0,3416.6885
2025-08-27,49,181.6,506.74,233.0,150.77,235.62,299.28,454.47,32.44,207.48,24.85,117.75,3396.8875
2025-08-26,50,181.77,502.04,234.9,146.95,234.83,298.57,455.46,32.86,207.14,24.35,116.5,3392.3333
2025-08-25,51,179.81,504.26,235.5,147.11,226.87,294.9,447.72,30.81,208.49,24.55,116.42,3366.2451
2025-08-22,52,177.99,507.23,236.9,145.37,230.12,296.24,446.2,29.01,206.09,24.8,117.68,3371.668
2025-08-21,53,174.98,504.24,233.65,140.29,224.46,291.47,447.2,27.36,199.75,23.5,115.79,3338.4629
2025-08-20,54,175.4,505.72,233.5,140.51,225.62,292.24,446.0,27.0,199.32,23.54,117.21,3346.7534
2025-08-19,55,175.64,509.77,238.25,137.93,225.0,290.66,441.1,26.95,201.57,25.31,122.05,3315.1875
2025-08-18,56,182.01,517.1,233.55,136.81,232.41,291.53,440.64,28.38,203.5,23.66,123.55,3330.2451
2025-08-15,57,180.45,520.17,234.25,136.8,235.26,290.49,437.56,30.77,203.9,24.56,120.87,3334.9846
2025-08-14,58,182.02,522.48,233.25,135.82,233.19,294.16,437.32,30.44,202.94,23.86,125.29,3335.7
2025-08-13,59,181.59,520.58,230.25,136.15,233.37,290.53,442.57,31.56,201.96,22.22,124.27,3354.4275
2025-08-12,60,183.16,529.24,231.1,133.38,232.61,292.85,431.56,31.29,203.34,21.81,127.75,3345.0
2025-08-11,61,182.06,521.77,228.05,131.77,225.96,289.56,426.26,29.17,201.0,20.65,123.72,3344.1487
2025-08-08,62,182.7,522.04,232.4,133.29,229.12,288.76,425.63,29.53,201.42,19.95,118.89,3398.4092
2025-08-07,63,180.77,520.84,227.1,132.59,227.33,286.94,430.75,28.16,196.52,19.77,111.87,3397.01
2025-08-06,64,179.42,524.94,219.0,133.46,225.04,291.35,434.85,29.91,196.09,20.41,108.78,3368.5061
2025-08-05,65,178.26,527.75,218.8,136.83,224.86,291.37,428.24,27.4,194.67,20.19,109.06,3380.7319
2025-08-04,66,180.0,535.64,216.8,135.04,222.34,294.26,423.7,27.73,195.04,19.5,107.77,3372.7939
2025-08-01,67,173.72,524.11,212.95,133.18,221.9,289.37,421.01,26.45,189.13,19.31,104.88,3362.5129
2025-07-31,68,177.87,533.5,224.9,137.31,221.84,296.24,420.98,26.6,191.9,19.8,109.14,3290.0249
2025-07-30,69,179.27,513.24,228.95,139.37,225.84,299.63,418.68,26.45,196.53,20.34,114.74,3274.7478
2025-07-29,70,175.51,512.57,227.05,144.73,226.08,297.04,420.13,26.3,195.75,20.41,111.96,3326.314
2025-07-28,71,176.75,512.5,225.65,144.75,236.41,298.28,421.34,27.87,192.58,20.68,111.25,3314.0376
2025-07-25,72,173.5,513.71,227.3,141.97,233.06,298.62,421.17,27.98,193.18,20.7,111.26,3335.925
2025-07-24,73,173.74,510.88,227.25,140.34,231.27,296.55,420.55,26.7,192.17,22.63,111.73,3367.8064
2025-07-23,74,170.78,505.87,227.7,147.54,233.88,296.76,419.39,25.82,190.23,23.49,109.83,3387.4155
2025-07-22,75,167.03,505.27,220.35,145.11,228.48,291.43,410.74,25.39,191.34,23.24,109.22,3431.1194
2025-07-21,76,171.38,510.06,224.55,146.28,229.32,290.97,460.53,23.22,190.1,23.26,113.23,3395.3208
2025-07-18,77,172.41,510.05,224.2,146.15,229.34,291.27,463.96,21.47,185.06,23.1,114.39,3349.2607
2025-07-17,78,173.0,511.7,226.0,144.67,231.0,289.9,469.2,20.38,183.58,22.8,113.26,3338.5791
2025-07-16,79,171.37,505.62,217.15,143.19,229.9,285.82,471.47,19.71,182.97,22.69,116.43,3346.3196
2025-07-15,80,170.7,505.82,218.3,148.8,230.0,286.55,470.12,19.1,182.0,22.92,120.11,3322.18
2025-07-14,81,164.07,503.02,220.3,148.87,230.51,288.7,473.57,20.28,181.56,23.3,118.61,3343.5242
2025-07-11,82,164.92,503.32,223.05,153.05,226.84,286.86,467.51,19.64,180.19,23.43,124.53,3355.4839
2025-07-10,83,164.1,501.48,226.8,154.81,226.09,288.19,464.31,22.67,177.62,23.82,123.11,3322.6924
2025-07-09,84,162.88,503.51,225.5,149.07,226.6,283.16,463.06,22.75,176.62,23.44,122.24,3313.3472
2025-07-08,85,160.0,496.62,217.05,148.67,218.52,282.78,463.01,21.92,174.36,23.59,124.42,3300.4451
2025-07-07,86,158.24,497.72,218.35,143.74,218.63,291.97,469.06,20.82,176.79,22.0,119.92,3335.241
2025-07-03,87,159.34,498.84,221.3,144.58,215.92,296.0,462.52,21.41,179.53,22.49,122.29,3326.3076
2025-07-02,88,157.25,491.09,219.5,142.06,212.03,292.0,462.55,21.13,178.64,21.88,121.74,3357.0762
2025-07-01,89,153.3,492.05,215.65,138.01,209.79,290.41,465.94,20.75,175.84,22.85,120.89,3338.8276
2025-06-30,90,157.99,497.41,217.65,134.42,209.53,289.91,463.14,22.71,176.23,22.4,123.25,3303.312
2025-06-27,91,157.75,495.94,222.75,134.69,214.55,287.11,458.59,23.28,178.53,22.69,124.76,3272.9983
2025-06-26,92,155.02,497.45,214.85,136.97,202.58,288.75,457.9,22.87,173.54,22.5,126.0,3327.7891
2025-06-25,93,154.31,492.27,213.6,135.72,198.9,284.06,458.39,22.42,170.68,22.2,127.25,3332.1125
2025-06-24,94,147.9,490.11,214.5,135.85,200.94,281.26,460.2,22.4,166.77,22.55,127.91,3323.75
2025-06-23,95,144.17,486.0,208.8,137.06,201.31,278.27,472.46,23.24,165.19,21.19,122.08,3368.5085
2025-06-20,96,143.85,477.4,209.3,141.1,198.75,275.0,470.56,21.22,166.64,21.08,123.6,3367.98
2025-06-18,97,145.48,480.24,211.05,139.42,197.68,273.96,468.6,21.81,173.32,21.49,121.82,3368.7351
2025-06-17,98,144.12,478.04,214.0,141.77,200.26,269.52,479.34,22.34,175.95,20.8,120.34,3388.3706
2025-06-16,99,144.69,479.14,216.0,137.76,201.7,270.36,467.06,19.6,176.77,20.74,119.84,3382.9275
2025-06-13,100,141.97,474.96,214.95,134.11,200.32,264.95,486.45,18.43,174.67,20.14,115.6,3432.1865
2025-06-12,101,145.0,478.87,217.35,133.5,203.75,268.24,469.27,18.48,175.7,20.77,116.18,3384.0449
2025-06-11,102,142.83,472.62,219.7,134.06,214.0,268.15,456.6,18.62,177.35,20.68,116.03,3353.2603
2025-06-10,103,143.96,470.92,219.05,131.93,215.73,268.6,476.9,18.73,178.6,22.08,114.14,3322.1704
2025-06-09,104,142.63,472.75,219.3,128.26,217.51,266.74,480.83,18.5,176.09,20.48,110.95,3327.58
2025-06-06,105,141.72,470.38,218.8,128.35,210.8,265.73,481.69,19.11,173.68,20.06,108.56,3309.6743
2025-06-05,106,139.99,467.68,219.25,126.88,209.02,261.95,478.03,18.95,168.21,19.99,106.29,3353.1167
2025-06-04,107,141.92,463.87,218.05,126.54,211.98,264.22,482.21,19.41,168.05,20.25,103.25,3375.42
2025-06-03,108,141.22,462.97,214.05,130.95,213.43,266.27,480.17,18.65,166.18,20.29,102.25,3351.9775
2025-06-02,109,137.38,461.97,213.65,128.3,211.47,264.66,478.82,18.26,169.03,19.74,98.18,3379.0601
2025-05-30,110,135.13,460.36,211.8,128.97,207.32,264.0,482.38,19.24,171.74,19.55,94.46,3289.1499
2025-05-29,111,139.19,458.68,212.6,129.16,208.18,264.37,473.69,20.26,171.86,20.25,96.8,3315.8972
2025-05-28,112,134.81,457.36,217.5,126.93,201.5,263.49,469.98,18.87,172.36,20.37,96.18,3289.31
2025-05-27,113,135.5,460.69,221.0,130.71,201.03,265.29,476.85,20.44,172.9,20.55,96.38,3299.5574
2025-05-23,114,131.29,450.18,212.3,128.55,202.36,260.71,468.88,19.07,168.47,20.05,93.37,3356.9939
2025-05-22,115,132.83,454.86,217.1,128.72,203.41,260.67,470.45,19.39,170.87,20.55,94.83,3294.0984
2025-05-21,116,131.8,452.57,221.0,127.8,203.21,261.04,470.28,18.89,168.56,20.69,95.84,3313.9365
2025-05-20,117,134.38,458.17,222.25,132.21,207.67,265.68,475.82,17.91,163.98,21.27,98.1,3289.0066
2025-05-19,118,135.57,458.87,221.8,134.33,205.25,264.88,473.06,18.02,166.54,21.38,98.65,3228.9602
2025-05-16,119,135.4,454.27,219.95,135.74,205.82,267.56,468.32,18.15,166.19,21.66,98.0,3202.2839
2025-05-15,120,134.83,453.13,221.85,135.37,206.24,267.49,465.14,18.13,163.96,21.55,95.45,3239.8015
2025-05-14,121,135.34,452.94,224.05,134.32,204.72,265.64,449.18,17.75,165.37,21.52,95.32,3178.4951
2025-05-13,122,129.93,449.14,225.15,135.11,203.42,263.01,459.83,17.8,159.53,22.56,96.93,3247.4001
2025-05-12,123,123.0,449.26,221.75,130.49,198.53,260.05,473.16,16.94,158.46,22.18,92.29,3233.7229
2025-05-09,124,116.65,438.73,214.05,122.93,194.85,253.08,473.52,17.35,152.75,21.42,85.86,3324.2231
2025-05-08,125,117.37,438.17,213.2,121.73,191.7,253.47,474.53,16.93,154.28,21.0,85.15,3305.2539
2025-05-07,126,117.06,433.35,209.15,116.95,185.56,249.39,471.32,17.12,151.38,20.31,82.62,3364.3225
2025-05-06,127,113.54,433.31,208.95,117.0,185.96,249.25,468.21,17.66,163.23,19.94,80.51,3429.3203
2025-05-05,128,113.82,436.17,211.25,119.34,186.46,252.56,471.56,18.07,164.21,20.27,80.42,3333.5957
2025-05-02,129,114.5,435.28,209.8,118.93,185.46,252.51,472.8,18.5,164.03,20.62,80.72,3240.0769
2025-05-01,130,111.61,425.4,0.0,114.88,182.89,246.89,477.72,17.85,161.3,19.98,77.77,3240.2869
2025-04-30,131,108.92,395.26,201.95,116.09,183.24,244.62,477.75,18.6,158.8,20.1,76.95,3287.7195
2025-04-29,132,109.02,394.04,202.25,115.52,182.0,244.62,475.88,18.81,160.16,20.34,76.88,3316.1089
2025-04-28,133,108.73,391.16,205.05,114.75,182.3,243.22,476.29,18.61,160.61,20.51,78.56,3341.365
2025-04-25,134,111.01,391.85,206.8,113.87,177.95,243.55,477.64,18.81,161.96,20.05,79.78,3318.2
2025-04-24,135,106.43,387.3,200.65,113.36,176.26,244.64,466.81,18.35,159.28,21.49,77.42,3348.2314
2025-04-23,136,102.71,374.39,196.5,114.5,172.37,240.88,463.55,18.03,155.35,20.59,72.93,3287.4878
2025-04-22,137,98.89,366.82,189.32,112.46,162.52,235.59,462.08,17.84,151.47,19.51,70.21,3381.4954
2025-04-21,138,96.91,359.12,0.0,108.84,159.34,228.99,458.33,16.57,147.67,18.84,66.74,3424.3025
2025-04-17,139,101.49,367.78,187.02,110.06,161.9,231.96,464.08,17.28,151.16,18.93,68.8,3327.54
2025-04-16,140,104.49,371.61,186.14,107.13,156.47,229.61,477.08,16.94,153.33,19.23,69.33,3343.2224
2025-04-15,141,112.2,385.73,185.3,107.55,155.52,233.13,469.58,16.89,156.31,19.85,71.04,3227.605
2025-04-14,142,110.71,387.81,185.7,110.33,159.28,234.72,475.34,17.24,159.07,20.31,71.02,3209.2849
2025-04-11,143,110.93,388.45,180.68,110.7,156.84,236.2,474.9,16.52,157.14,19.74,69.55,3236.2124
2025-04-10,144,107.57,381.35,186.94,109.01,155.52,227.11,463.7,16.38,152.82,19.88,70.05,3173.917
2025-04-09,145,114.33,390.49,177.16,115.9,160.82,234.34,462.24,16.74,158.71,21.53,77.87,3082.1814
2025-04-08,146,96.3,354.56,182.74,105.18,139.39,216.87,443.36,15.5,144.7,18.13,65.54,2983.7825
2025-04-07,147,97.64,357.86,176.6,106.67,138.86,214.44,430.82,15.08,146.75,19.57,68.37,2982.5398
2025-04-04,148,94.31,359.84,185.62,104.69,136.59,210.28,432.15,15.06,145.6,19.85,64.72,3037.3562
2025-04-03,149,101.8,373.11,197.48,114.29,150.91,228.69,454.78,15.24,150.72,22.43,74.34,3112.8335
2025-04-02,150,110.42,382.14,214.75,133.62,168.56,245.82,452.87,15.74,157.04,21.98,88.6,3133.5713
2025-04-01,151,110.15,382.19,214.75,133.74,168.17,243.66,448.64,15.36,157.07,22.05,88.71,3110.55
2025-03-31,152,108.38,375.39,211.9,132.07,170.55,245.3,446.71,15.65,154.64,22.71,86.89,3123.0549
2025-03-28,153,109.67,378.8,216.0,131.48,173.31,242.85,441.49,15.53,154.33,22.71,88.44,3084.0283
2025-03-27,154,111.43,390.58,221.55,133.23,179.11,248.12,442.28,15.75,162.24,23.62,91.16,3056.0974
2025-03-26,155,113.76,389.97,224.5,134.52,178.55,251.03,445.17,15.72,165.06,23.42,92.13,3019.2876
2025-03-25,156,120.69,395.16,228.9,132.0,182.59,251.13,442.07,16.25,170.56,24.2,94.18,3019.855
2025-03-24,157,121.41,393.08,225.35,131.95,180.9,248.06,434.98,16.68,167.68,24.22,96.94,3012.2722
2025-03-21,158,117.7,391.26,228.85,131.51,178.11,241.63,439.7,16.26,163.99,24.26,94.72,3023.6294
2025-03-20,159,118.53,386.84,234.45,134.83,172.83,239.01,466.74,17.14,162.8,23.96,103.0,3044.4087
2025-03-19,160,117.52,387.82,236.7,133.84,172.62,239.11,470.55,15.83,163.89,24.12,102.06,3047.1799
2025-03-18,161,115.43,383.52,237.0,132.03,161.57,234.97,469.28,15.39,160.67,25.92,101.72,3033.9475
2025-03-17,162,119.53,388.7,234.3,132.95,161.85,233.93,467.61,15.66,164.29,25.69,103.11,3001.4695
2025-03-14,163,121.67,388.56,231.75,129.14,161.81,232.44,466.17,16.0,165.49,24.05,100.79,2984.416
2025-03-13,164,115.58,378.77,226.5,125.8,159.32,225.19,467.93,14.06,162.76,23.7,94.88,2987.7546
2025-03-12,165,115.74,383.27,226.85,125.18,158.8,227.9,461.5,14.19,167.11,20.68,95.64,2932.0569
2025-03-11,166,108.76,380.45,223.2,123.03,154.06,229.14,468.88,13.98,164.04,19.78,89.05,2916.0376
2025-03-10,167,106.98,380.16,228.4,126.8,148.15,232.22,479.17,14.2,165.87,19.93,87.08,2889.3975
2025-03-07,168,112.69,393.31,234.3,126.85,154.18,242.28,473.65,14.81,173.86,20.64,92.96,2910.79
2025-03-06,169,110.57,396.89,243.0,126.0,158.43,246.54,461.5,14.57,172.35,20.75,89.27,2909.99
2025-03-05,170,117.3,401.02,231.55,121.76,163.16,251.53,460.42,14.8,173.02,20.81,94.34,2918.84
2025-03-04,171,115.99,388.61,213.3,127.61,158.9,250.25,448.82,14.86,170.92,21.33,91.2,2917.49
2025-03-03,172,114.06,388.49,225.95,128.4,170.06,260.62,451.94,15.03,167.01,22.74,90.54,2893.71
2025-02-28,173,124.92,396.99,221.2,130.73,174.63,264.65,450.37,15.75,170.28,23.73,93.63,2858.6
2025-02-27,174,120.15,392.53,220.6,129.63,173.83,259.05,446.46,15.39,168.5,23.09,91.82,2876.19
2025-02-26,175,131.28,399.73,223.45,130.16,173.04,258.79,441.5,15.85,172.73,23.52,97.71,2916.19
2025-02-25,176,126.63,397.9,216.6,133.66,178.27,257.4,448.46,15.52,175.42,22.99,93.22,2915.12
2025-02-24,177,130.28,404.0,218.1,135.06,179.91,261.34,440.27,15.45,179.25,24.27,95.41,2951.19
2025-02-21,178,134.43,408.21,221.45,134.74,177.15,264.24,440.72,15.92,179.66,24.87,98.84,2936.03
2025-02-20,179,140.11,416.13,221.25,139.14,180.88,266.8,436.29,16.27,184.56,26.09,103.18,2938.7
2025-02-19,180,139.23,414.77,220.35,137.15,186.15,279.25,432.95,16.93,185.27,25.72,104.36,2932.64
2025-02-18,181,139.4,409.64,226.2,138.19,184.97,279.95,428.54,17.3,183.77,27.39,106.79,2935.58
2025-02-14,182,138.85,408.43,225.2,135.31,184.42,276.59,423.19,17.47,185.23,23.6,99.52,2883.18
2025-02-13,183,135.29,410.54,227.45,130.99,185.44,276.32,434.72,17.24,186.14,24.13,95.66,2929.03
2025-02-12,184,131.14,409.04,212.05,130.91,186.25,275.45,441.97,17.23,183.61,22.48,91.68,2903.66
2025-02-11,185,132.8,411.44,214.9,136.89,180.44,274.99,449.36,17.24,185.32,20.97,94.08,2898.3391
2025-02-10,186,133.57,412.22,211.15,136.81,180.55,271.04,448.22,17.33,186.47,19.77,95.93,2907.34
2025-02-07,187,129.84,409.75,207.45,133.08,181.49,275.8,444.39,16.97,185.34,19.1,92.3,2860.39
2025-02-06,188,128.68,415.82,208.05,134.29,184.8,276.9,448.52,17.45,191.6,19.38,94.54,2856.5
2025-02-05,189,124.83,413.29,201.25,140.54,181.84,270.43,449.87,17.0,191.33,19.65,93.6,2865.09
2025-02-04,190,118.65,412.37,201.85,142.99,176.23,267.94,453.68,17.14,206.38,19.29,90.66,2841.94
2025-02-03,191,116.66,410.92,202.1,136.18,175.87,266.81,455.42,16.85,201.23,19.38,89.92,2813.49
2025-01-31,192,120.07,415.06,207.45,133.0,176.52,267.3,462.95,16.73,204.02,19.43,91.24,2801.0
2025-01-30,193,124.65,414.99,205.15,135.42,179.53,268.23,459.65,16.88,200.87,20.01,92.5,2793.88
2025-01-29,194,123.7,442.33,203.35,139.48,173.66,266.58,454.36,16.75,195.41,19.75,89.01,2757.71
2025-01-28,195,128.99,447.2,200.05,138.13,177.78,267.14,457.45,17.11,195.3,19.8,88.25,2763.11
2025-01-27,196,118.42,434.56,201.4,141.31,175.16,265.85,503.69,17.15,191.81,20.29,91.11,2741.1
2025-01-24,197,142.62,444.06,208.45,139.63,176.06,264.84,496.96,18.06,200.21,20.83,103.19,2771.3
2025-01-23,198,147.22,446.71,209.0,140.71,178.5,265.95,497.28,18.8,197.98,21.57,104.84,2753.69
2025-01-22,199,147.07,446.2,207.15,135.08,174.8,262.84,499.34,18.54,198.37,21.86,109.23,2755.0225
2025-01-21,200,140.83,428.5,204.15,139.53,175.56,263.03,506.29,17.15,198.05,21.77,109.38,2744.39
2025-01-17,201,137.71,429.03,200.85,141.05,171.09,259.16,490.32,16.99,196.0,21.49,105.75,2701.55
2025-01-16,202,133.57,424.58,195.16,139.37,168.93,254.27,486.86,17.07,192.91,19.67,102.6,2713.77
2025-01-15,203,136.24,426.31,195.58,137.91,166.2,252.35,483.97,17.18,195.55,19.72,103.19,2695.82
2025-01-14,204,131.76,415.67,193.96,134.06,167.02,247.47,484.46,16.5,189.66,19.2,97.36,2677.16
2025-01-13,205,133.23,417.19,193.18,133.35,170.57,244.21,483.16,16.45,191.01,19.2,95.06,2662.12
2025-01-10,206,135.91,418.95,194.5,127.15,172.0,239.87,468.05,17.01,192.04,19.15,99.34,2689.63
2025-01-08,207,140.11,424.56,195.64,125.19,171.76,243.13,468.85,17.67,193.95,19.88,99.41,2662.06
2025-01-07,208,140.14,422.37,193.54,123.99,172.51,243.17,463.96,17.6,195.49,20.01,101.91,2649.49
2025-01-06,209,149.43,427.85,193.08,122.12,170.78,240.85,466.0,18.05,196.87,19.87,99.26,2635.3257
2025-01-03,210,144.47,423.35,186.78,124.26,169.9,243.28,481.82,18.47,191.79,20.56,89.87,2639.12
2025-01-02,211,138.31,418.58,189.12,123.15,171.87,240.0,482.25,18.5,189.43,20.22,87.33,2657.16
2024-12-31,212,134.29,421.5,0.0,122.59,177.0,239.71,485.94,18.52,189.3,20.05,84.16,2623.812
2024-12-30,213,137.49,424.83,188.56,119.59,176.55,239.32,483.37,18.64,191.24,19.82,85.31,2605.39
2024-12-27,214,137.01,430.53,189.6,119.58,180.72,241.17,488.97,19.42,192.76,20.3,88.63,2620.0
2024-12-26,215,139.93,438.11,0.0,119.68,180.38,243.14,489.98,19.49,195.6,20.44,89.82,2634.43
2024-12-24,216,140.22,439.33,0.0,118.84,179.34,242.31,488.13,19.72,196.11,20.4,89.28,2613.2
2024-12-23,217,139.67,435.25,188.98,118.65,177.69,238.39,486.49,18.89,194.63,20.2,89.72,2612.93
2024-12-20,218,134.7,436.6,189.26,118.59,177.35,237.6,489.02,19.02,191.41,19.52,90.12,2620.77
2024-12-19,219,130.68,437.03,189.44,118.93,177.04,232.96,479.66,18.56,188.51,19.06,87.09,2593.85
2024-12-18,220,128.91,437.39,194.72,121.74,172.62,230.37,482.94,18.41,188.4,19.3,103.9,2587.63
2024-12-17,221,130.39,454.46,192.92,124.89,173.03,238.36,490.61,18.23,195.42,20.44,108.6,2645.54
2024-12-16,222,132.0,451.59,190.32,125.07,173.17,239.58,491.65,18.23,196.66,20.83,108.26,2652.5
2024-12-13,223,134.25,447.27,191.38,129.14,169.65,239.94,494.65,16.71,189.82,20.34,102.5,2648.39
2024-12-12,224,137.34,449.56,194.0,129.68,167.75,241.53,496.58,16.85,191.96,20.78,98.24,2681.33
2024-12-11,225,139.31,448.99,195.52,133.29,165.96,243.53,504.24,16.7,195.4,20.12,102.06,2717.93
2024-12-10,226,135.07,443.33,192.88,132.32,164.1,242.86,512.94,12.79,185.17,20.16,98.1,2693.64
2024-12-09,227,138.81,446.02,194.14,134.55,157.04,243.81,510.01,12.94,175.37,20.81,102.82,2658.78
2024-12-06,228,142.44,443.57,193.7,131.52,153.93,247.36,513.03,13.33,174.71,20.92,101.17,2632.91
2024-12-05,229,145.06,442.62,193.06,133.05,156.67,245.48,517.48,13.33,172.64,20.8,100.87,2632.05
2024-12-04,230,145.14,437.42,191.9,134.07,158.28,243.4,517.5,13.67,174.37,21.96,103.2,2649.79
2024-12-03,231,140.26,431.2,190.2,137.47,155.0,244.82,517.0,13.78,171.34,22.47,99.84,2643.44
2024-12-02,232,138.63,430.98,188.12,140.14,156.54,246.25,520.34,13.7,171.49,23.93,98.55,2638.93
2024-11-29,233,138.25,423.46,183.16,139.08,155.44,249.72,529.41,14.01,168.95,24.05,97.95,2653.5459
2024-11-27,234,135.34,422.99,178.98,138.56,152.4,249.79,525.75,13.89,169.23,23.65,98.2,2635.51
2024-11-26,235,136.92,427.99,180.32,139.8,150.76,249.97,521.45,13.88,169.12,24.05,101.8,2631.89
2024-11-25,236,136.02,418.79,180.82,139.82,153.1,250.29,521.89,13.29,167.65,24.87,104.48,2625.26
2024-11-22,237,141.95,417.0,177.56,140.91,149.29,248.55,542.22,13.09,164.76,24.5,102.64,2712.55
2024-11-21,238,146.67,412.87,176.0,141.11,143.41,244.76,542.01,13.14,167.63,24.44,102.76,2669.69
2024-11-20,239,145.89,415.49,176.56,141.2,146.08,240.78,534.73,13.12,175.98,24.01,98.37,2650.05
2024-11-19,240,147.01,417.79,177.84,142.01,145.6,243.09,533.26,12.99,178.12,24.2,97.73,2631.68
2024-11-18,241,140.15,415.76,184.0,144.01,143.87,245.03,530.96,12.86,175.3,24.84,97.51,2612.2
2024-11-15,242,141.98,415.0,187.4,140.16,140.19,245.31,534.83,12.86,172.49,24.35,96.34,2561.24
2024-11-14,243,146.76,426.89,188.2,140.02,138.14,241.87,538.99,12.89,175.58,25.03,99.18,2566.19
2024-11-13,244,146.27,425.2,179.4,139.56,139.97,241.16,557.73,12.98,178.88,24.92,99.92,2573.78
2024-11-12,245,148.29,423.03,177.94,137.02,145.17,239.56,565.96,12.91,181.62,24.16,104.1,2597.27
2024-11-11,246,145.26,418.01,185.84,138.02,148.96,239.29,570.58,13.09,180.35,25.05,108.65,2620.2
2024-11-08,247,147.63,422.54,183.08,136.69,151.68,236.98,564.56,13.14,178.35,26.2,111.9,2683.77
2024-11-07,248,148.88,425.43,187.98,136.11,150.98,236.38,551.84,12.82,180.75,26.23,113.41,2706.99
2024-11-06,249,145.61,420.18,184.1,138.71,147.16,247.06,551.82,12.6,176.51,25.05,111.83,2659.24
2024-11-05,250,139.91,411.46,184.0,132.06,151.0,221.49,546.75,12.77,169.74,23.32,105.49,2743.59
2024-11-04,251,136.05,408.46,181.3,129.95,155.07,219.78,543.1,12.62,169.24,22.52,101.73,2736.39
2024-11-01,252,135.4,410.37,181.52,128.22,154.59,222.94,545.35,12.67,171.29,23.2,99.73,2735.155
2024-10-31,253,132.76,406.35,178.4,129.76,149.31,221.92,546.05,12.62,171.11,21.52,99.65,2743.8047
2024-10-30,254,139.34,432.53,179.48,128.73,154.29,224.41,545.94,12.68,174.46,22.3,104.08,2786.1897
2024-10-29,255,141.25,431.95,181.06,127.88,152.98,222.9,546.8,12.64,169.68,22.9,108.18,2775.1345
2024-10-28,256,140.52,426.59,181.84,132.26,150.69,225.5,555.17,12.58,166.72,22.92,106.39,2741.9771
2024-10-25,257,141.54,428.15,180.42,132.4,155.01,222.31,562.29,12.28,165.27,22.68,107.91,2747.6936
2024-10-24,258,140.41,424.73,179.46,131.36,155.2,224.98,564.21,12.42,162.72,22.34,106.85,2735.6956
2024-10-23,259,139.56,424.6,181.2,132.89,157.06,223.41,571.1,12.26,162.78,21.98,105.05,2717.54
2024-10-22,260,143.59,427.51,183.5,135.71,159.88,224.12,576.98,12.55,165.14,22.4,107.82,2748.3833
2024-10-21,261,143.71,418.78,185.1,135.5,159.82,223.0,614.61,12.55,164.07,22.84,109.08,2719.6453
2024-10-18,262,138.0,418.16,185.6,137.04,155.0,225.37,611.81,12.84,163.42,22.77,111.15,2720.2473
2024-10-17,263,136.93,416.72,184.28,136.65,155.31,224.42,609.62,12.73,162.93,22.44,112.05,2692.5471
2024-10-16,264,135.72,416.12,181.0,135.52,154.9,223.64,612.83,12.89,165.16,22.31,109.24,2673.2385
2024-10-15,265,131.6,418.74,182.84,134.65,152.35,222.39,605.0,12.9,165.46,22.66,104.32,2660.9875
2024-10-14,266,138.07,419.14,185.26,141.17,148.99,221.48,610.87,12.81,164.96,23.44,108.34,2651.05
2024-10-11,267,134.8,416.32,185.84,142.34,151.02,222.29,604.17,12.85,163.24,23.56,106.92,2655.9976
2024-10-10,268,134.81,415.84,183.36,142.71,146.62,212.84,597.49,12.45,162.08,23.22,105.69,2629.4802
2024-10-09,269,132.65,417.46,184.46,139.36,149.37,213.42,605.11,12.44,161.86,23.46,101.7,2607.7705
2024-10-08,270,132.89,414.71,180.18,136.34,154.65,210.75,608.05,12.36,164.38,23.32,102.54,2621.9448
2024-10-07,271,127.72,409.54,184.38,143.98,155.91,210.93,605.54,11.85,162.98,22.38,102.91,2643.5784
2024-10-04,272,124.92,416.06,182.88,142.42,155.0,211.22,605.13,12.06,167.06,22.59,102.25,2652.2451
2024-10-03,273,122.85,416.54,179.58,144.03,150.52,205.23,605.82,12.0,165.86,22.26,101.82,2655.896
2024-10-02,274,118.85,417.13,180.62,135.68,152.89,207.29,603.2,12.12,165.86,22.39,99.85,2657.7549
2024-10-01,275,117.0,420.69,179.86,137.47,154.22,207.04,605.86,12.29,166.99,22.69,100.31,2662.8213
2024-09-30,276,121.44,430.3,181.34,135.03,152.04,210.86,584.56,12.08,165.85,23.46,103.71,2634.4939
2024-09-27,277,121.4,428.02,182.86,135.97,156.32,210.5,582.36,11.88,163.95,23.91,107.5,2657.9675
2024-09-26,278,124.04,431.31,181.74,136.62,154.58,209.78,577.4,11.92,162.73,23.92,109.88,2670.2
2024-09-25,279,123.51,432.11,172.54,132.81,152.22,210.19,577.94,12.11,161.49,23.54,95.77,2656.821
2024-09-24,280,120.87,429.17,170.34,132.82,155.81,211.59,578.63,11.94,162.29,22.81,94.0,2656.6992
2024-09-23,281,116.26,433.51,167.5,135.18,156.3,211.44,580.51,11.96,161.85,22.56,93.57,2628.3987
2024-09-20,282,116.0,435.27,166.66,134.46,153.29,211.09,571.92,12.05,163.59,21.84,90.9,2621.9568
2024-09-19,283,117.87,438.69,169.92,138.69,154.59,210.48,565.18,12.16,162.14,21.14,89.25,2586.4756
2024-09-18,284,113.37,430.81,165.72,136.66,155.11,207.53,565.49,11.98,159.81,20.77,87.35,2558.7954
2024-09-17,285,115.59,435.15,166.36,135.8,156.39,209.25,567.01,12.34,159.32,21.47,88.73,2569.5249
2024-09-16,286,116.78,431.34,162.9,133.75,155.55,207.86,572.92,12.19,158.06,20.91,87.18,2582.5791
2024-09-13,287,119.1,430.59,164.06,134.26,156.77,204.32,569.91,12.66,157.46,19.66,91.22,2576.4954
2024-09-12,288,119.14,427.0,164.3,134.12,162.77,206.6,568.27,12.54,154.69,19.36,87.21,2558.7546
2024-09-11,289,116.91,423.04,162.14,132.9,161.33,207.23,566.96,12.61,151.16,19.64,90.65,2511.4404
2024-09-10,290,108.1,414.2,162.36,136.09,160.07,205.56,572.19,13.73,148.66,18.98,86.85,2516.1191
2024-09-09,291,106.47,405.72,162.6,134.16,162.91,216.81,576.57,13.74,148.71,19.07,86.27,2505.2549
2024-09-06,292,102.83,401.7,161.14,134.19,157.62,212.46,566.63,13.74,150.92,18.89,86.38,2497.0254
2024-09-05,293,107.21,408.39,165.22,135.52,162.15,217.63,568.59,14.1,157.24,19.4,89.39,2516.3191
2024-09-04,294,106.21,408.9,166.72,139.63,163.22,219.33,574.78,14.09,156.45,19.43,89.29,2494.188
2024-09-03,295,108.0,409.44,168.12,141.37,161.02,220.3,567.22,13.94,157.36,20.1,88.58,2492.7649
2024-08-30,296,119.37,417.14,169.92,146.73,173.74,224.8,568.1,14.1,163.38,22.04,96.24,2503.0322
2024-08-29,297,117.59,413.12,170.22,141.81,172.26,222.21,566.85,13.91,161.78,20.13,95.57,2521.1772
2024-08-28,298,125.61,410.6,168.22,141.05,170.71,221.29,563.98,14.22,162.85,19.61,94.86,2502.2495
2024-08-27,299,128.3,413.84,167.12,140.93,173.05,220.18,560.41,14.19,164.68,20.07,97.86,2524.5657
2024-08-26,300,126.46,413.49,167.8,143.09,173.48,219.17,558.1,13.95,166.16,20.13,98.91,2516.885
2024-08-23,301,129.37,416.79,167.1,145.87,174.96,218.31,555.01,13.68,165.62,20.54,102.85,2512.0728
2024-08-22,302,123.74,415.55,164.88,143.43,172.76,216.63,557.03,14.06,163.8,20.1,104.26,2483.2949
2024-08-21,303,128.5,424.14,164.86,143.87,173.43,214.6,553.76,13.0,165.85,21.41,108.33,2511.9492
2024-08-20,304,127.25,424.8,163.82,141.26,172.1,214.52,557.01,12.94,167.18,20.99,107.99,2513.739
2024-08-19,305,130.0,421.53,164.26,148.22,179.64,215.45,558.39,12.53,166.67,21.52,108.63,2503.9241
2024-08-16,306,124.58,418.47,163.2,149.82,179.99,213.97,560.13,12.86,162.96,20.87,107.99,2507.2825
2024-08-15,307,122.86,421.03,162.7,149.3,176.41,211.55,560.29,11.83,161.3,20.69,106.95,2456.1023
2024-08-14,308,118.08,416.86,159.3,147.82,168.5,210.24,563.22,11.81,160.37,19.92,100.41,2447.6421
2024-08-13,309,116.14,414.01,158.94,147.54,168.76,207.94,559.42,12.15,164.16,20.47,97.44,2465.0293
2024-08-12,310,109.02,406.81,157.2,151.49,164.13,206.19,556.91,12.47,162.29,19.36,94.64,2472.2507
2024-08-09,311,104.75,406.02,157.18,151.08,167.91,205.8,551.58,11.89,163.67,19.71,93.08,2430.9258
2024-08-08,312,104.97,402.69,159.2,151.61,168.87,204.06,551.62,12.18,162.03,20.49,92.07,2426.7478
2024-08-07,313,98.91,398.43,155.94,148.27,163.24,200.4,548.51,12.02,158.94,18.99,86.8,2381.5349
2024-08-06,314,104.25,399.61,154.0,148.85,165.04,200.34,541.56,12.58,158.29,19.83,89.0,2389.37
2024-08-05,315,100.45,395.15,155.14,147.64,167.03,194.9,545.38,12.18,159.25,20.11,90.42,2407.6475
2024-08-02,316,107.27,408.49,157.8,148.56,169.95,199.14,548.77,12.22,166.66,21.48,92.7,2443.2947
2024-08-01,317,109.21,417.11,164.54,156.45,178.31,207.96,548.86,12.25,170.76,29.05,101.51,2445.4197
2024-07-31,318,117.02,418.35,169.42,161.72,190.6,212.8,541.92,12.56,171.54,30.74,109.82,2448.0989
2024-07-30,319,103.73,422.92,168.5,163.48,186.86,215.19,537.66,12.56,170.29,30.13,102.56,2408.43
2024-07-29,320,111.59,426.73,167.84,157.45,185.43,210.85,527.64,12.92,169.53,30.83,107.85,2383.5371
2024-07-26,321,113.06,425.27,169.82,159.12,186.89,212.24,524.8,12.78,167.0,31.35,109.41,2385.575
2024-07-25,322,112.28,418.4,168.82,157.0,184.35,208.67,521.4,12.43,167.28,31.1,107.45,2364.4995
2024-07-24,323,114.25,428.9,171.44,148.82,180.07,208.59,515.2,12.79,172.63,31.7,110.28,2397.5859
2024-07-23,324,122.59,444.85,173.62,146.87,186.48,210.33,501.29,12.68,181.79,32.95,114.25,2409.2073
2024-07-22,325,123.54,442.94,173.26,149.02,178.9,210.28,474.59,9.32,181.67,33.37,115.28,2397.6475
2024-07-19,326,117.93,437.11,170.44,148.33,179.67,209.78,474.92,8.68,177.66,32.98,114.26,2400.79
2024-07-18,327,121.09,440.37,170.52,147.78,180.23,209.98,476.0,8.68,177.69,34.87,117.45,2444.9688
2024-07-17,328,117.99,443.52,178.4,150.05,184.84,216.87,476.07,8.56,181.02,34.46,119.5,2458.3838
2024-07-16,329,126.36,449.52,181.56,148.83,186.05,213.62,468.58,8.83,183.92,34.34,127.49,2468.573
2024-07-15,330,128.44,453.96,180.88,148.75,179.11,210.05,463.88,8.59,186.53,34.46,130.87,2422.074
2024-07-12,331,129.24,453.55,184.16,147.92,182.31,204.94,463.73,8.44,185.07,34.49,133.55,2411.2744
2024-07-11,332,127.4,454.7,178.9,146.64,183.91,207.45,460.38,8.22,185.57,33.5,130.23,2414.7786
2024-07-10,333,134.91,466.25,176.38,144.9,183.73,207.8,461.01,8.34,191.18,34.87,136.39,2371.071
2024-07-09,334,131.38,459.54,173.26,146.3,183.24,207.63,460.3,8.35,188.98,34.59,131.14,2363.5845
2024-07-08,335,128.2,466.24,177.16,147.96,185.84,205.17,461.76,8.25,189.03,33.99,130.69,2358.7983
2024-07-05,336,125.83,467.56,177.12,152.78,184.83,204.79,462.16,8.28,190.6,32.02,131.6,2391.4563
2024-07-03,337,128.28,460.77,176.76,158.5,184.31,208.69,466.03,8.24,185.82,31.23,136.82,2356.0562
2024-07-02,338,122.67,459.28,174.84,157.96,185.42,208.83,465.7,8.22,185.24,31.07,132.59,2329.283
2024-07-01,339,124.3,456.73,177.12,157.98,186.7,205.45,466.44,8.34,182.99,30.84,131.52,2331.6963
2024-06-28,340,123.54,446.95,173.72,156.76,182.01,202.26,467.1,8.41,182.15,30.97,131.53,2325.7051
2024-06-27,341,123.99,452.85,173.54,154.04,182.51,199.17,467.13,8.32,185.41,30.59,132.23,2327.446
2024-06-26,342,126.4,452.16,169.22,153.58,178.5,197.43,466.99,8.35,183.88,30.54,142.36,2297.9146
2024-06-25,343,126.09,450.95,169.58,153.79,175.1,198.07,468.07,8.09,184.03,30.74,141.12,2319.0095
2024-06-24,344,118.11,447.67,171.04,150.73,179.1,198.88,471.51,8.31,179.22,30.57,139.01,2332.9282
2024-06-21,345,126.57,449.78,168.2,150.21,176.56,196.3,467.6,8.43,179.63,31.09,139.54,2320.345
2024-06-20,346,130.78,445.7,170.34,152.47,176.3,198.67,466.34,8.4,176.3,30.62,144.19,2359.6277
2024-06-18,347,135.58,446.34,168.44,149.94,174.99,197.0,460.0,8.41,175.09,30.63,153.45,2328.3301
2024-06-17,348,130.98,448.37,168.1,151.11,178.39,194.98,459.01,8.43,177.24,30.98,147.83,2318.8735
2024-06-14,349,131.88,442.57,165.74,150.07,177.27,193.78,458.34,8.42,176.79,30.45,141.36,2332.52
2024-06-13,350,129.61,441.58,170.84,149.82,180.7,193.66,458.56,8.67,175.16,30.46,143.14,2303.1887
2024-06-12,351,125.2,441.06,178.1,148.38,182.67,191.53,459.11,8.71,177.79,30.76,140.75,2322.55
2024-06-11,352,120.91,432.68,172.46,153.6,185.5,194.36,462.8,8.68,176.62,30.92,135.07,2316.2656
2024-06-10,353,121.79,427.87,174.44,154.59,190.12,199.61,467.46,8.47,175.01,30.91,134.82,2310.6008
2024-06-07,354,120.89,423.85,174.44,154.43,190.24,199.95,470.13,8.63,174.46,30.74,130.94,2292.7051
2024-06-06,355,121.0,424.52,175.68,155.77,191.42,196.91,468.62,8.66,176.73,30.42,130.07,2375.6052
2024-06-05,356,122.44,424.01,178.82,154.04,189.85,197.26,465.23,8.63,175.41,30.78,133.71,2354.7773
2024-06-04,357,116.44,416.07,174.28,155.38,188.62,199.16,468.89,8.59,173.79,30.03,126.64,2327.6816
2024-06-03,358,115.0,413.52,178.16,153.94,184.57,201.82,467.6,8.6,173.17,30.29,128.17,2350.3513
2024-05-31,359,109.63,415.13,176.26,157.14,177.61,202.63,470.34,8.31,172.5,30.85,125.0,2326.9663
2024-05-30,360,110.5,414.67,176.12,150.9,172.75,199.33,460.94,8.35,172.11,30.19,126.29,2342.9983
2024-05-29,361,114.83,429.17,175.74,155.69,171.65,198.11,452.72,8.78,175.9,30.13,131.58,2338.7659
2024-05-28,362,113.9,430.32,177.26,163.57,175.08,199.5,458.48,8.8,176.4,31.06,132.67,2360.9546
2024-05-24,363,106.47,430.16,177.3,162.42,174.52,200.71,467.35,8.71,174.99,30.72,129.49,2333.7642
2024-05-23,364,103.8,427.0,177.18,162.56,172.21,196.92,467.08,8.59,173.55,30.08,126.27,2328.3704
2024-05-22,365,94.95,430.52,173.7,162.0,186.28,198.31,469.71,8.71,176.38,31.42,126.28,2378.2471
2024-05-21,366,95.39,429.04,173.64,162.39,184.78,199.52,468.31,8.74,177.85,31.74,127.5,2421.6377
2024-05-20,367,94.78,425.34,173.12,163.78,186.61,195.58,467.08,8.82,176.92,32.1,129.0,2425.1191
2024-05-17,368,92.48,420.21,172.56,166.06,184.95,204.79,466.2,8.91,176.06,31.83,125.29,2414.89
2024-05-16,369,94.36,420.99,175.0,158.5,182.96,202.47,464.83,8.94,174.18,32.03,127.89,2376.4409
2024-05-15,370,94.63,423.08,187.7,157.71,176.99,202.11,464.08,8.95,172.51,31.27,127.81,2386.0425
2024-05-14,371,91.36,416.56,185.24,155.93,180.76,201.51,467.18,8.81,170.34,31.05,124.81,2357.9668
2024-05-13,372,90.4,413.72,187.98,155.93,178.44,198.73,470.56,8.78,169.14,30.51,123.0,2336.0476
2024-05-10,373,89.88,414.74,188.4,156.13,178.51,198.77,468.88,8.84,168.65,29.85,121.24,2360.1436
2024-05-09,374,88.75,412.32,184.08,158.87,181.25,197.5,468.39,8.95,169.96,30.09,117.81,2345.8845
2024-05-08,375,90.41,410.54,181.58,157.07,180.35,195.65,466.16,8.95,169.38,30.0,119.32,2308.6455
2024-05-07,376,90.55,409.34,180.14,156.67,176.71,191.75,466.68,8.81,171.25,30.68,119.21,2313.7852
2024-05-06,377,92.14,413.54,179.36,158.2,178.35,192.0,462.78,8.91,168.1,30.97,120.13,2323.5674
2024-05-03,378,88.79,406.66,177.62,156.84,179.79,190.51,461.91,8.95,167.24,30.9,114.7,2301.5569
2024-05-02,379,85.82,397.84,175.2,157.34,178.85,191.66,463.2,8.9,166.62,30.51,112.33,2303.2876
2024-05-01,380,83.04,394.94,0.0,155.66,171.46,191.86,461.73,8.9,163.86,30.37,109.7,2317.895
2024-04-30,381,86.4,389.33,175.9,159.87,167.84,191.74,464.93,8.86,162.78,30.47,112.96,2285.5732
2024-04-29,382,87.76,402.25,177.64,167.51,173.49,193.28,467.55,9.05,166.15,31.36,114.36,2334.4358
2024-04-26,383,87.73,406.32,177.62,165.8,167.22,193.49,461.29,8.97,171.95,31.88,114.84,2337.7151
2024-04-25,384,82.63,399.04,173.7,167.13,166.81,193.37,464.78,8.88,156.0,35.11,111.58,2331.782
2024-04-24,385,79.68,409.06,174.64,167.0,164.33,193.08,459.14,8.9,159.13,34.5,111.78,2315.822
2024-04-23,386,82.42,407.57,175.34,167.54,169.18,192.14,460.08,8.96,158.26,34.28,112.46,2321.8145
2024-04-22,387,79.52,400.96,174.02,165.9,170.48,189.41,461.33,8.82,156.28,34.41,109.12,2326.2859
2024-04-19,388,76.2,399.12,172.96,163.89,169.82,185.8,463.87,8.82,154.09,34.2,106.77,2390.4517
2024-04-18,389,84.67,404.27,175.52,162.49,170.23,181.25,456.09,9.08,156.01,35.04,111.93,2378.2507
2024-04-17,390,84.03,411.84,172.68,167.28,170.21,180.08,456.05,8.98,155.47,35.68,116.33,2360.8057
2024-04-16,391,87.42,414.58,173.08,168.99,170.55,180.8,454.31,8.95,154.4,36.26,121.77,2382.8318
2024-04-15,392,86.0,413.64,175.9,170.67,167.82,182.89,453.08,9.05,154.86,36.31,121.37,2382.5078
2024-04-12,393,88.19,421.9,172.66,173.54,169.55,182.79,450.4,9.07,157.73,35.69,122.52,2343.4255
2024-04-11,394,90.62,427.93,173.58,177.04,173.36,195.43,452.32,9.14,159.41,37.63,127.51,2373.2378
2024-04-10,395,87.04,423.26,174.38,175.7,174.63,195.47,451.71,9.21,156.14,37.2,122.2,2332.7944
2024-04-09,396,85.35,426.28,173.14,176.26,178.12,197.15,447.57,9.39,156.6,38.33,122.63,2352.5767
2024-04-08,397,87.13,424.59,174.26,180.89,181.56,198.48,452.38,9.49,154.85,37.98,122.95,2338.8909
2024-04-05,398,88.01,425.52,172.36,183.39,183.14,197.45,455.38,9.4,152.5,38.71,123.58,2329.5
2024-04-04,399,85.91,417.88,176.14,180.61,183.29,195.65,454.04,9.51,150.53,39.73,124.09,2289.4287
2024-04-03,400,88.96,420.45,176.54,180.37,184.92,198.3,447.9,9.65,154.92,40.33,128.01,2299.1702
2024-04-02,401,89.45,421.44,175.6,177.22,188.04,198.86,453.24,9.86,154.56,43.94,122.75,2280.0957
2024-04-01,402,90.36,424.57,0.0,172.64,189.5,198.94,452.79,9.94,155.49,44.52,124.3,2250.3557
2024-03-28,403,90.36,420.72,176.96,170.69,192.99,200.3,454.87,10.05,150.93,44.17,117.89,2232.3757
2024-03-27,404,90.25,421.43,176.92,167.81,191.95,199.52,456.78,9.76,150.87,43.77,119.25,2194.0249
2024-03-26,405,92.56,421.65,175.3,167.25,187.5,195.73,445.99,9.58,150.67,41.99,118.8,2178.5837
2024-03-25,406,95.0,422.86,174.06,168.49,191.41,194.82,446.31,9.77,150.07,41.83,117.13,2171.4521
2024-03-22,407,94.29,428.74,175.4,169.64,188.85,196.62,445.88,9.68,150.77,42.57,110.21,2164.145
2024-03-21,408,91.44,429.37,174.84,170.98,187.7,199.06,443.16,9.91,147.6,42.42,109.85,2180.8071
2024-03-20,409,90.37,425.23,175.76,169.57,187.78,196.33,440.41,9.58,148.74,42.2,96.25,2185.9585
2024-03-19,410,89.4,421.41,173.04,167.39,181.14,193.79,437.19,9.13,147.03,42.05,94.0,2157.2258
2024-03-18,411,88.45,417.32,183.62,166.29,179.84,192.66,433.2,8.86,147.68,42.71,93.78,2159.9861
2024-03-15,412,87.84,416.42,184.96,163.7,182.53,190.3,435.82,9.05,141.18,42.64,93.25,2155.5427
2024-03-14,413,87.94,425.22,184.0,159.39,181.15,187.97,435.77,10.07,143.1,42.75,91.43,2161.0149
2024-03-13,414,90.89,415.1,183.9,158.63,182.35,191.38,434.6,9.74,139.79,43.23,94.16,2174.4
2024-03-12,415,91.91,415.28,182.74,150.73,184.24,189.84,434.91,9.81,138.5,45.24,97.42,2157.99
2024-03-11,416,85.77,404.52,180.62,150.54,192.49,188.29,434.75,9.62,137.67,44.86,94.51,2182.47
2024-03-08,417,87.53,406.22,181.92,149.53,198.49,188.22,432.9,9.74,135.41,44.0,97.62,2177.51
2024-03-07,418,92.67,409.14,181.54,149.03,203.03,187.87,429.99,9.86,134.38,46.15,98.98,2159.1587
2024-03-06,419,88.7,402.09,180.0,144.44,201.0,189.53,433.48,9.81,131.4,44.51,95.56,2148.29
2024-03-05,420,85.96,402.65,178.54,144.31,201.14,188.55,431.98,9.81,132.67,43.16,94.47,2127.5454
2024-03-04,421,85.24,414.92,181.08,144.7,200.54,186.68,431.94,10.01,133.35,45.61,95.77,2114.99
2024-03-01,422,82.28,415.5,181.28,143.28,200.0,185.29,426.46,9.84,137.14,43.82,95.15,2083.39
2024-02-29,423,79.11,413.64,182.94,141.46,203.72,186.06,428.24,9.91,138.46,43.05,90.61,2043.2441
2024-02-28,424,77.66,407.72,179.86,139.21,207.0,184.38,432.48,9.89,136.38,41.99,89.71,2034.62
2024-02-27,425,78.7,407.48,176.62,142.98,201.4,183.45,430.43,9.92,138.88,42.73,91.85,2029.6378
2024-02-26,426,79.09,407.54,174.9,145.09,200.54,183.36,429.18,10.04,137.57,42.99,89.46,2030.658
2024-02-23,427,78.82,410.34,175.3,141.58,200.83,183.99,431.12,10.01,143.96,42.99,86.0,2035.7177
2024-02-22,428,78.54,411.65,172.1,139.78,201.5,183.07,428.89,10.14,144.09,42.98,85.91,2024.1124
2024-02-21,429,67.47,402.18,169.42,137.15,201.57,180.9,427.55,10.11,142.55,43.47,81.49,2024.99
2024-02-20,430,69.45,402.79,168.72,135.03,203.37,179.73,424.27,9.97,141.12,44.52,80.71,2023.5278
2024-02-16,431,72.61,404.06,169.22,139.54,203.89,179.03,424.07,9.92,140.52,43.51,79.5,2013.1008
2024-02-15,432,72.66,406.56,167.0,141.99,205.33,179.87,423.12,10.09,142.77,44.05,81.63,2004.0875
2024-02-14,433,73.9,409.49,165.04,141.04,203.38,176.03,418.19,9.96,145.94,44.19,81.83,1992.39
2024-02-13,434,72.13,406.32,163.68,141.57,204.46,174.26,426.52,9.83,145.14,43.16,81.53,1992.1331
2024-02-12,435,72.25,415.26,165.14,142.53,209.33,175.79,428.07,9.92,147.53,44.03,85.7,2019.79
2024-02-09,436,72.13,420.55,165.52,143.06,209.2,175.01,426.5,9.94,149.0,43.31,85.56,2024.157
2024-02-08,437,69.64,414.11,169.78,141.8,209.22,174.8,427.0,9.8,145.91,42.5,84.88,2033.1779
2024-02-07,438,70.1,414.05,168.16,141.18,211.92,175.43,430.1,9.8,145.54,42.78,85.17,2034.2186
2024-02-06,439,68.22,405.49,167.38,137.83,208.58,175.1,426.95,9.92,144.1,42.74,84.6,2035.4623
2024-02-05,440,69.33,405.65,164.62,140.41,206.63,174.5,421.7,9.92,143.68,42.77,86.98,2024.6707
2024-02-02,441,66.16,411.22,166.66,137.85,209.38,174.73,425.97,10.18,142.38,42.6,86.48,2038.59
2024-02-01,442,63.03,403.78,166.56,138.29,209.81,173.73,429.77,10.06,141.16,43.36,85.61,2054.8918
2024-01-31,443,61.53,397.58,166.68,138.9,211.04,174.36,429.41,9.44,140.1,43.08,85.75,2037.19
2024-01-30,444,62.77,408.59,169.32,141.89,200.44,176.27,431.68,9.45,151.46,42.92,86.16,2036.1151
2024-01-29,445,62.47,409.72,167.34,138.38,205.19,172.73,428.01,9.5,153.51,43.84,89.07,2031.7488
2024-01-26,446,61.03,403.93,167.86,137.91,205.47,172.28,429.91,9.48,152.19,43.65,88.05,2018.34
2024-01-25,447,61.62,404.87,167.2,134.46,201.88,172.94,431.04,9.69,151.87,49.55,89.2,2019.7518
2024-01-24,448,61.36,402.56,167.5,130.15,214.13,170.5,431.65,9.39,148.7,49.09,88.08,2012.59
2024-01-23,449,59.87,398.9,162.04,129.11,211.5,168.99,439.67,9.46,147.04,48.89,87.53,2028.69
2024-01-22,450,59.65,396.51,163.4,129.12,214.93,170.11,458.76,9.61,145.99,48.22,89.24,2020.99
2024-01-19,451,59.49,398.67,160.94,128.16,215.02,170.31,457.76,9.53,146.38,48.15,87.51,2029.09
2024-01-18,452,57.11,393.87,160.82,125.96,211.61,167.42,459.57,9.56,143.48,46.74,84.82,2022.6704
2024-01-17,453,56.05,389.47,158.94,126.31,203.06,167.09,456.47,9.56,141.47,46.06,83.28,2005.7194
2024-01-16,454,56.38,390.27,161.16,129.3,200.52,167.99,457.84,9.68,142.49,47.06,84.61,2027.59
2024-01-12,455,54.71,388.47,163.12,131.5,217.7,169.05,463.18,9.77,142.65,47.12,82.39,2048.7192
2024-01-11,456,54.82,384.63,160.66,128.0,222.66,170.3,453.13,9.77,142.08,47.64,83.39,2028.09
2024-01-10,457,54.35,382.77,160.78,124.77,227.84,171.02,455.4,9.91,142.28,47.47,82.38,2023.402
2024-01-09,458,53.14,375.79,159.4,127.17,225.76,170.66,456.29,9.69,140.95,48.05,83.33,2029.5948
2024-01-08,459,52.25,374.69,160.78,129.27,229.0,172.02,458.6,9.54,138.84,48.45,84.95,2027.843
2024-01-05,460,49.1,367.75,160.5,129.0,249.0,172.27,456.5,9.49,135.73,46.89,83.45,2045.4956
2024-01-04,461,48.0,367.94,162.42,130.31,244.94,171.41,457.87,9.52,136.39,46.87,82.71,2043.2646
2024-01-03,462,47.57,370.6,162.32,133.74,243.91,171.33,459.12,9.62,138.92,47.05,82.26,2040.776
2024-01-02,463,48.17,370.87,167.88,130.66,251.76,172.08,456.12,9.83,138.17,47.8,82.34,2058.8767
2023-12-29,464,49.52,376.04,169.92,130.0,260.66,170.1,453.24,10.11,139.69,50.25,85.34,2062.59
2023-12-28,465,49.52,375.28,168.48,130.09,260.35,170.3,451.23,10.07,140.23,50.39,86.0,2064.8601
2023-12-27,466,49.42,374.07,168.82,131.82,262.1,169.4,448.97,10.21,140.37,50.76,86.66,2077.1589
2023-12-26,467,49.28,374.66,0.0,133.19,262.79,168.39,450.18,10.22,141.52,50.5,87.06,2066.605
2023-12-22,468,48.83,374.58,168.08,132.2,260.44,167.4,448.22,9.51,141.49,48.0,86.49,2052.9751
2023-12-21,469,48.99,373.54,168.48,131.92,262.02,167.5,448.02,9.25,140.42,47.08,85.48,2045.4941
2023-12-20,470,48.11,370.62,169.14,132.54,260.25,166.55,442.6,9.12,138.34,45.76,78.69,2029.19
2023-12-19,471,49.6,373.26,167.98,133.6,263.51,168.45,447.79,9.17,136.65,46.66,82.17,2040.1208
2023-12-18,472,50.08,372.65,163.4,131.92,260.41,166.23,446.91,9.39,135.8,45.69,81.56,2026.9979
2023-12-15,473,48.89,370.73,166.78,128.57,264.27,165.23,441.81,9.18,132.6,46.16,81.41,2018.19
2023-12-14,474,48.35,365.93,165.82,129.18,256.24,163.99,445.27,9.08,131.94,45.18,82.19,2035.528
2023-12-13,475,48.09,374.37,162.88,124.8,250.91,161.06,451.44,9.23,132.57,44.57,79.79,2026.39
2023-12-12,476,47.66,374.38,163.86,120.9,248.63,160.52,451.63,9.56,132.52,44.04,78.16,1979.4375
2023-12-11,477,46.63,371.3,164.3,123.48,248.08,159.1,451.26,9.32,133.29,44.54,77.79,1981.303
2023-12-08,478,47.51,374.23,162.42,122.74,244.7,158.52,448.02,9.62,134.99,42.7,74.96,2003.39
2023-12-07,479,46.6,370.95,161.5,122.07,237.33,156.79,447.11,9.65,136.93,42.15,73.65,2028.3375
2023-12-06,480,45.5,368.8,160.92,122.73,236.89,156.31,449.41,9.37,130.02,41.27,73.13,2024.8975
2023-12-05,481,46.57,372.52,158.74,125.65,234.16,157.97,446.24,9.77,130.99,41.92,73.69,2019.4203
2023-12-04,482,45.51,369.14,156.98,126.46,234.87,157.99,450.69,9.62,129.27,42.35,74.29,2029.7415
2023-12-01,483,46.77,374.51,156.0,126.38,233.87,156.84,449.41,9.68,131.86,43.74,75.93,2070.9011
2023-11-30,484,46.77,378.91,154.0,125.36,231.63,156.08,447.77,9.12,132.53,44.7,76.12,2035.7545
2023-11-29,485,48.14,378.85,152.88,124.08,224.43,154.32,445.01,9.05,134.99,44.94,76.69,2044.59
2023-11-28,486,47.82,382.7,151.42,125.24,222.37,153.54,448.27,8.95,137.2,44.23,76.12,2040.89
2023-11-27,487,48.24,378.61,150.24,125.61,219.3,153.19,445.49,8.47,136.41,44.08,77.51,2013.6429
2023-11-24,488,47.78,377.43,150.86,124.96,220.0,153.54,452.01,8.49,136.69,43.96,76.87,2001.97
2023-11-22,489,48.72,377.85,149.66,125.36,219.91,153.33,450.4,8.34,138.49,43.67,77.1,1989.7235
2023-11-21,490,49.94,373.07,147.66,123.17,218.27,152.97,448.15,8.35,136.97,43.64,76.71,1998.3693
2023-11-20,491,50.41,377.44,147.64,124.73,217.71,153.29,443.81,7.64,136.25,44.74,78.62,1977.1941
2023-11-17,492,49.3,369.85,148.46,124.11,208.04,152.82,444.68,7.75,135.31,43.81,77.56,1980.0077
2023-11-16,493,49.48,376.17,146.82,121.92,206.6,151.45,445.59,7.43,136.93,43.35,76.67,1980.8512
2023-11-15,494,48.89,369.67,138.9,126.7,208.71,149.74,445.14,7.34,134.62,40.61,77.14,1959.0912
2023-11-14,495,49.66,370.27,136.56,126.08,207.47,148.44,444.22,6.88,133.62,39.41,77.17,1962.674
2023-11-13,496,48.62,366.68,132.9,124.27,204.54,145.78,445.03,6.96,132.09,38.23,74.78,1945.89
2023-11-10,497,48.34,369.67,130.8,122.67,196.65,146.43,444.87,7.08,132.59,38.86,75.36,1936.79
2023-11-09,498,46.95,360.69,133.0,119.92,193.33,144.29,442.46,6.97,130.24,37.8,73.57,1958.19
2023-11-08,499,46.57,363.2,129.92,121.58,191.83,144.72,444.66,6.73,131.84,37.92,72.28,1949.79
2023-11-07,500,45.95,360.53,128.88,123.05,191.41,144.01,450.15,6.79,130.97,38.77,72.8,1968.4049
2023-11-06,501,45.75,356.53,128.98,125.82,192.95,144.08,451.16,6.77,130.25,37.95,72.92,1977.6833
2023-11-03,502,45.01,352.8,127.8,126.43,195.05,143.0,453.34,6.97,129.1,38.14,72.58,1992.2676
2023-11-02,503,43.51,348.32,127.64,128.96,192.01,141.42,458.04,6.81,127.49,37.7,70.44,1985.507
2023-11-01,504,42.33,346.07,125.5,127.73,189.38,138.94,452.38,6.75,126.45,37.29,69.4,1982.15
2023-10-31,505,40.78,338.11,124.96,127.0,186.82,139.06,454.64,6.82,124.08,36.5,66.87,1982.705
2023-10-30,506,41.16,337.31,123.7,124.24,182.35,137.42,445.84,6.77,124.46,35.69,66.07,1995.8784
2023-10-27,507,40.5,329.81,122.42,123.56,179.69,135.69,443.39,6.82,122.17,35.54,65.65,2005.7837
2023-10-26,508,40.33,327.89,121.2,125.36,179.09,140.76,445.97,6.83,122.28,32.52,64.53,1984.8177
2023-10-25,509,41.78,340.67,126.96,126.86,177.73,140.4,447.69,6.92,125.61,32.83,66.5,1979.6184
2023-10-24,510,43.66,330.53,127.44,128.8,182.36,141.17,440.9,6.79,138.81,34.59,68.07,1970.11
2023-10-23,511,42.98,329.32,127.7,130.73,181.03,141.0,446.16,6.83,136.5,33.85,66.88,1972.5933
2023-10-20,512,41.39,326.67,127.12,131.18,180.04,142.95,444.17,7.03,135.6,34.92,67.22,1981.0446
2023-10-19,513,42.1,331.32,129.86,132.42,182.79,145.29,449.18,6.95,137.75,35.67,67.53,1973.7035
2023-10-18,514,42.2,330.11,130.4,134.03,185.69,145.91,446.07,7.06,137.96,35.64,69.14,1947.6886
2023-10-17,515,43.94,332.06,133.96,130.72,185.6,147.53,441.13,7.09,139.72,36.06,69.0,1923.0732
2023-10-16,516,46.09,332.64,133.9,129.2,184.93,147.85,440.41,7.04,139.09,36.56,69.08,1919.4387
2023-10-13,517,45.46,327.73,133.48,126.05,184.91,148.0,441.06,6.66,137.36,35.97,69.21,1931.6975
2023-10-12,518,46.95,331.16,136.64,126.23,191.3,145.81,434.14,6.9,138.97,36.84,69.75,1868.649
2023-10-11,519,46.81,332.42,138.24,129.6,196.07,146.15,436.65,6.81,140.55,36.88,70.21,1873.6082
2023-10-10,520,45.8,328.39,136.82,130.21,193.53,145.65,435.1,6.74,138.06,36.43,69.07,1860.0874
2023-10-09,521,45.27,329.82,132.72,126.95,188.49,144.77,436.53,6.56,138.42,36.06,69.48,1860.8815
2023-10-06,522,45.76,327.26,134.66,126.53,187.38,145.1,400.73,6.51,137.58,36.19,69.96,1832.2573
2023-10-05,523,44.69,319.36,132.26,127.48,186.29,142.9,397.35,6.52,135.07,35.89,69.05,1820.0059
2023-10-04,524,44.04,318.95,133.54,128.67,186.73,143.35,401.33,6.43,135.24,35.93,68.11,1821.0754
2023-10-03,525,43.52,313.39,133.1,133.58,188.92,142.71,403.83,6.39,132.43,35.69,67.83,1822.8116
2023-10-02,526,44.78,321.8,134.44,138.09,187.83,143.77,407.82,6.37,134.17,35.46,67.96,1827.4033
2023-09-29,527,43.5,315.75,135.66,141.71,191.68,145.02,408.96,6.41,130.86,35.55,68.03,1848.3134
2023-09-28,528,43.09,313.64,135.58,147.18,190.43,147.59,410.96,6.3,132.31,35.18,65.2,1864.5591
2023-09-27,529,42.47,312.79,134.2,143.95,195.46,145.78,408.72,6.29,130.54,34.61,68.21,1874.6953
2023-09-26,530,41.91,312.14,129.92,141.58,195.64,144.93,408.75,6.25,128.56,33.83,67.94,1900.4861
2023-09-25,531,42.22,317.54,132.48,146.54,198.78,146.45,412.9,6.26,131.11,34.29,68.58,1915.6553
2023-09-22,532,41.61,317.01,133.24,145.27,197.71,145.73,413.65,6.2,130.25,34.18,68.88,1924.9875
2023-09-21,533,41.02,319.53,133.68,146.3,199.95,147.14,417.54,6.43,130.44,34.65,67.9,1919.5691
2023-09-20,534,42.24,320.77,136.2,142.97,202.37,148.3,426.95,6.46,133.74,34.69,69.68,1929.6838
2023-09-19,535,43.52,328.65,134.54,142.66,204.48,148.93,425.31,6.51,138.04,36.34,70.71,1930.9449
2023-09-18,536,43.97,329.06,137.18,146.28,205.12,149.12,429.86,6.51,138.21,37.99,70.5,1933.1396
2023-09-15,537,43.9,330.22,138.1,143.68,208.11,148.81,424.05,6.58,137.4,37.88,69.88,1923.575
2023-09-14,538,45.58,338.7,136.38,145.95,209.05,149.25,425.89,6.07,138.1,38.67,71.79,1910.3188
2023-09-13,539,45.48,336.06,134.14,145.48,208.4,146.41,420.99,5.98,136.71,38.71,70.85,1906.3022
2023-09-12,540,44.87,331.77,135.92,146.26,210.65,146.34,417.83,5.87,135.34,38.86,70.31,1913.2614
2023-09-11,541,45.18,337.94,136.98,143.74,211.01,144.46,420.66,5.92,136.92,38.59,70.03,1921.6626
2023-09-08,542,45.57,334.27,137.12,142.06,211.27,143.83,423.09,6.0,136.38,38.01,70.18,1917.8051
2023-09-07,543,46.24,329.91,136.46,136.25,216.05,143.72,425.94,6.0,135.26,38.18,69.87,1919.1866
2023-09-06,544,47.06,332.88,137.26,134.03,217.95,144.96,423.94,5.91,134.46,36.98,70.41,1916.2759
2023-09-05,545,48.55,333.55,137.96,133.12,222.57,145.2,445.19,6.0,135.77,36.71,70.29,1925.8112
2023-09-01,546,48.51,328.66,137.5,133.58,223.4,146.82,448.18,6.09,135.66,36.61,70.39,1938.795
2023-08-31,547,49.35,327.76,138.88,129.9,224.03,146.33,448.35,6.1,136.17,35.14,69.94,1939.7441
2023-08-30,548,49.26,328.79,138.3,131.45,228.85,148.16,452.41,6.01,135.88,34.53,68.09,1942.2399
2023-08-29,549,48.78,328.41,140.08,131.39,227.25,148.76,448.4,6.01,134.57,34.31,66.68,1937.1222
2023-08-28,550,46.84,323.7,138.0,131.6,227.06,147.56,452.32,5.91,131.01,33.62,65.31,1919.6586
2023-08-25,551,46.02,322.98,136.4,133.12,223.41,147.05,451.09,6.07,129.88,33.25,63.72,1914.5255
2023-08-24,552,47.16,319.97,135.6,129.46,217.31,147.23,452.55,6.07,129.78,32.59,63.69,1917.4348
2023-08-23,553,47.12,327.0,137.0,129.37,228.58,147.37,454.57,6.07,132.37,33.98,65.19,1914.3149
2023-08-22,554,45.67,322.46,136.9,130.89,230.07,146.38,452.94,5.95,129.08,32.89,63.41,1897.4651
2023-08-21,555,46.97,321.88,134.92,131.16,227.22,149.48,451.49,5.95,128.37,33.14,63.96,1893.9449
2023-08-18,556,43.3,316.48,134.4,133.58,226.65,148.97,450.06,5.93,127.46,32.75,63.59,1888.1934
2023-08-17,557,43.34,316.88,135.82,132.02,224.54,148.63,446.68,6.14,129.92,32.58,63.56,1888.8873
2023-08-16,558,43.49,320.4,138.12,130.94,229.95,150.19,445.13,6.24,128.7,33.53,64.22,1891.7622
2023-08-15,559,43.94,321.86,137.66,131.14,232.26,150.83,443.58,6.05,129.78,34.77,65.33,1901.5571
2023-08-14,560,43.75,324.04,138.72,136.5,236.71,154.77,450.08,6.18,131.33,35.68,68.28,1907.9026
2023-08-11,561,40.85,321.01,137.42,139.06,235.72,154.45,454.05,6.39,129.56,34.89,64.37,1913.3182
2023-08-10,562,42.39,322.93,139.46,134.86,238.26,153.56,450.05,6.39,129.69,34.68,65.44,1912.0607
2023-08-09,563,42.55,322.23,146.48,133.95,237.86,153.79,452.81,6.44,129.66,34.28,66.7,1914.589
2023-08-08,564,44.66,326.05,145.68,131.34,238.04,155.88,449.47,6.19,131.4,35.02,67.65,1924.8151
2023-08-07,565,45.42,330.11,148.38,129.29,238.25,156.76,449.78,6.28,131.53,35.23,69.38,1936.3871
2023-08-04,566,44.68,327.78,148.84,126.89,231.36,156.02,445.72,6.41,128.11,35.14,69.91,1941.6233
2023-08-03,567,44.52,326.66,146.26,125.6,231.36,156.35,447.92,6.3,128.45,34.87,69.18,1933.7369
2023-08-02,568,44.27,327.5,147.82,126.31,231.38,155.4,448.56,6.39,128.38,34.39,68.17,1933.5649
2023-08-01,569,46.51,336.34,150.46,128.77,238.01,157.18,451.28,6.46,131.55,35.8,70.76,1944.0793
2023-07-31,570,46.73,335.92,154.98,128.91,238.85,157.96,446.37,6.38,132.72,35.77,71.39,1964.1884
2023-07-28,571,46.75,338.37,154.28,129.07,238.69,156.91,449.0,6.43,132.58,36.83,71.2,1959.2013
2023-07-27,572,45.9,330.72,155.68,125.47,233.75,156.02,448.64,6.47,129.4,34.55,71.07,1944.9862
2023-07-26,573,45.45,337.77,150.88,126.18,232.8,157.76,452.81,6.44,129.27,34.36,67.38,1972.1031
2023-07-25,574,45.68,350.98,151.8,124.54,214.12,156.82,454.15,6.29,122.21,34.1,65.68,1964.5824
2023-07-24,575,44.61,345.11,151.1,125.71,215.87,158.0,456.8,6.29,121.53,33.63,65.48,1954.5126
2023-07-21,576,44.31,343.77,151.6,122.99,211.8,154.95,454.76,6.28,120.02,34.02,65.65,1960.2273
2023-07-20,577,45.52,346.87,151.4,120.73,213.61,156.15,456.01,6.55,119.2,33.37,64.69,1969.6201
2023-07-19,578,47.08,355.08,148.46,118.02,208.6,154.25,451.51,6.55,122.03,34.46,64.96,1977.251
2023-07-18,579,47.49,359.49,150.2,115.42,211.57,153.66,455.7,6.55,123.76,34.5,64.94,1978.715
2023-07-17,580,46.46,345.73,149.92,113.71,211.87,153.38,469.97,6.46,124.65,34.37,65.16,1954.7355
2023-07-14,581,45.47,345.24,150.6,113.48,213.12,149.77,464.31,6.51,125.42,33.15,64.08,1954.9254
2023-07-13,582,45.98,342.66,150.5,115.51,216.85,148.87,466.38,5.9,124.54,33.87,64.53,1960.1945
2023-07-12,583,43.9,337.2,149.26,115.04,217.11,148.15,461.96,5.97,118.93,33.98,63.79,1957.0885
2023-07-11,584,42.41,332.47,145.98,115.95,218.76,147.42,466.29,6.0,117.14,33.3,63.6,1931.995
2023-07-10,585,42.18,331.83,144.38,112.61,213.31,145.15,460.38,6.0,116.45,32.74,62.48,1924.9937
2023-07-07,586,42.5,337.22,142.62,114.88,212.1,144.34,458.71,6.14,119.48,31.85,60.65,1924.2825
2023-07-06,587,42.1,341.27,142.22,113.46,212.62,143.21,461.64,6.0,120.11,31.97,61.23,1910.7972
2023-07-05,588,42.32,338.15,145.84,116.75,213.31,144.64,462.76,6.09,121.75,32.51,62.06,1917.3224
2023-07-03,589,42.41,337.99,148.78,117.43,210.92,146.61,462.58,5.96,119.9,33.62,63.9,1921.4285
2023-06-30,590,42.3,340.54,152.54,117.3,211.16,145.44,460.38,6.11,119.7,33.44,63.11,1919.5654
2023-06-29,591,40.82,335.05,150.58,116.61,211.83,143.43,457.44,6.01,119.1,32.91,64.33,1908.1525
2023-06-28,592,41.12,335.85,152.72,115.69,210.72,138.59,449.66,6.05,120.18,33.57,67.07,1907.4233
2023-06-27,593,41.88,334.57,157.56,115.35,209.43,139.2,453.15,6.0,118.33,34.1,66.79,1913.3525
2023-06-26,594,40.63,328.6,155.48,112.99,205.58,139.19,452.8,6.12,118.34,33.34,65.45,1922.8533
2023-06-23,595,42.21,335.02,156.98,111.3,205.41,138.85,459.36,6.18,122.34,33.0,65.28,1921.3632
2023-06-22,596,43.02,339.71,160.52,110.39,205.61,139.58,463.43,6.18,123.15,32.71,66.25,1913.516
2023-06-21,597,43.05,333.56,160.38,111.62,212.08,142.32,466.04,6.31,120.55,32.9,65.8,1932.2631
2023-06-20,598,43.81,338.05,161.52,110.96,212.37,142.53,458.38,6.11,123.1,35.0,66.9,1935.9139
2023-06-16,599,42.69,342.33,163.78,114.21,219.99,143.26,459.17,6.31,123.53,36.37,67.66,1957.3625
2023-06-15,600,42.65,348.1,165.78,114.03,219.41,143.09,455.95,6.18,125.09,35.82,68.82,1957.6548
2023-06-14,601,43.0,337.34,164.34,111.83,216.9,141.49,452.55,6.07,123.67,35.58,69.12,1942.9904
2023-06-13,602,41.02,334.29,164.46,113.08,220.38,142.02,452.37,6.0,123.83,33.91,67.87,1943.3285
2023-06-12,603,39.48,331.85,160.78,113.08,221.56,141.0,459.87,5.95,123.64,33.07,67.45,1956.9218
2023-06-09,604,38.77,326.79,158.14,113.39,217.31,141.01,462.69,6.01,122.23,31.34,65.43,1960.5997
2023-06-08,605,38.51,325.26,158.76,112.44,218.11,140.73,464.17,6.01,122.14,31.82,65.32,1967.7615
2023-06-07,606,37.48,323.38,158.46,113.52,211.93,140.69,461.75,6.01,122.5,31.28,67.06,1939.6318
2023-06-06,607,38.65,333.68,158.36,109.27,207.29,139.34,458.63,6.06,127.31,30.96,67.54,1962.8475
2023-06-05,608,39.17,335.94,158.52,107.39,208.78,139.09,454.69,6.07,126.01,29.86,67.77,1961.7581
2023-06-02,609,39.33,335.4,159.28,109.27,213.32,140.47,454.49,6.09,124.67,31.31,69.17,1947.6322
2023-06-01,610,39.77,332.58,156.68,105.93,207.96,137.58,449.67,6.14,123.72,31.13,69.09,1977.8751
2023-05-31,611,37.83,328.39,153.34,107.04,205.7,135.71,444.01,6.05,122.87,31.44,68.2,1962.3011
2023-05-30,612,40.11,331.21,156.66,111.66,204.69,137.46,447.97,6.11,123.67,29.99,71.69,1959.1445
2023-05-26,613,38.95,332.89,156.68,113.82,203.63,136.94,448.45,6.08,124.61,29.0,73.93,1946.3251
2023-05-25,614,37.98,325.92,153.64,113.18,200.87,135.67,442.83,6.28,123.48,27.4,69.61,1940.3364
2023-05-24,615,30.54,313.85,152.26,114.79,199.27,135.34,452.72,6.34,120.9,29.0,66.53,1957.0114
2023-05-23,616,30.69,315.26,155.44,112.5,202.6,136.59,452.63,6.14,122.56,29.51,66.01,1974.7275
2023-05-22,617,31.18,321.18,157.92,112.79,205.91,138.03,454.72,6.19,125.05,30.28,66.23,1969.4316
2023-05-19,618,31.26,318.34,159.78,111.27,205.49,139.18,454.49,6.25,122.76,29.93,68.17,1976.5551
2023-05-18,619,31.68,318.52,157.74,111.55,207.24,139.5,455.75,6.38,122.83,29.68,67.57,1958.0533
2023-05-17,620,30.18,314.0,153.42,112.1,206.87,138.45,457.3,6.35,120.84,28.87,64.92,1981.7222
2023-05-16,621,29.21,311.74,149.6,109.64,200.87,134.32,447.73,6.08,119.51,29.22,63.73,1988.6034
2023-05-15,622,28.95,309.46,150.62,112.91,202.77,135.23,451.92,6.09,116.51,29.8,64.64,2020.5997
2023-05-12,623,28.34,308.97,150.1,110.52,200.7,134.1,450.79,6.35,117.51,28.95,60.92,2011.15
2023-05-11,624,28.58,310.11,148.86,110.66,201.84,136.05,450.69,6.12,116.57,28.86,61.61,2015.5499
2023-05-10,625,28.89,312.31,149.16,111.01,200.84,136.48,453.15,6.09,111.75,29.97,59.99,2029.51
2023-05-09,626,28.57,307.0,150.64,108.4,201.88,136.41,452.04,6.09,107.35,30.1,60.93,2034.17
2023-05-08,627,29.15,308.65,149.82,107.38,197.26,137.07,450.96,6.01,107.77,30.77,60.87,2021.39
2023-05-05,628,28.68,310.65,150.48,107.04,198.34,136.74,455.54,6.12,105.57,30.99,61.23,2016.5428
2023-05-04,629,27.56,305.41,148.5,104.31,197.05,134.12,451.93,6.14,104.69,31.24,60.51,2051.1084
2023-05-03,630,27.8,304.4,149.48,107.06,200.93,135.98,453.07,6.28,105.41,30.65,60.91,2039.0168
2023-05-02,631,28.21,305.41,147.32,110.78,203.25,138.92,458.89,6.08,105.32,29.77,61.9,2016.278
2023-05-01,632,28.91,305.56,0.0,115.41,203.87,141.2,469.43,6.01,107.2,30.3,62.35,1982.0453
2023-04-28,633,27.75,307.26,148.9,114.67,206.78,138.24,464.45,6.01,107.34,31.06,64.36,1989.6475
2023-04-27,634,27.23,304.83,147.36,114.64,206.04,137.05,465.0,6.16,107.59,29.86,61.9,1987.8702
2023-04-26,635,26.96,295.37,145.68,116.64,203.03,135.23,461.62,6.45,103.71,29.05,61.02,1989.4799
2023-04-25,636,26.24,275.42,147.38,117.85,202.19,137.67,475.58,6.16,103.85,28.88,58.14,1997.8723
2023-04-24,637,27.04,281.77,145.66,120.0,205.77,140.73,480.92,6.31,105.97,29.66,59.51,1988.8757
2023-04-21,638,27.12,285.76,145.64,119.63,205.15,140.54,482.55,6.38,105.41,30.3,61.13,1982.8948
2023-04-20,639,27.1,286.11,146.0,122.95,207.23,140.81,490.6,6.5,105.29,30.86,61.46,2004.3384
2023-04-19,640,27.93,288.45,146.58,124.4,208.71,141.22,495.16,6.28,104.18,31.15,60.65,1993.2642
2023-04-18,641,27.67,288.37,147.2,127.11,208.37,141.4,501.41,6.37,104.5,31.83,61.93,2004.926
2023-04-17,642,27.0,288.8,147.06,128.3,205.03,139.83,489.64,6.19,105.97,32.14,62.54,1994.7711
2023-04-14,643,26.76,286.14,146.16,131.86,201.71,138.73,487.99,6.16,108.87,31.89,62.63,2003.04
2023-04-13,644,26.46,289.84,144.28,133.13,213.59,128.99,492.14,6.32,107.43,32.13,63.0,2039.735
2023-04-12,645,26.5,283.49,144.82,133.72,212.34,128.5,488.1,6.45,104.64,32.02,61.96,2014.6711
2023-04-11,646,27.17,282.83,143.34,136.71,212.32,128.52,487.84,6.23,105.35,32.35,63.57,2003.1409
2023-04-10,647,27.58,289.39,0.0,135.1,210.78,127.89,496.75,6.11,106.44,32.52,63.27,1989.955
2023-04-06,648,27.04,291.6,141.12,132.59,211.37,127.47,490.17,6.27,108.42,32.81,58.56,2008.0164
2023-04-05,649,26.88,284.34,143.94,135.09,210.0,127.61,489.99,6.27,104.47,32.83,57.02,2020.3533
2023-04-04,650,27.45,287.18,147.56,127.43,213.9,128.42,488.54,6.06,104.72,33.1,57.27,2019.9702
2023-04-03,651,27.96,287.23,148.26,138.53,215.39,130.16,486.62,6.15,104.36,32.89,59.61,1984.1057
2023-03-31,652,27.78,288.3,149.26,139.6,212.43,130.31,472.73,6.36,103.73,32.67,60.34,1967.9
2023-03-30,653,27.38,284.05,148.52,137.02,211.04,128.75,473.18,6.19,100.89,32.09,63.09,1980.2502
2023-03-29,654,26.98,280.51,146.3,136.95,207.97,129.14,474.19,6.11,101.39,31.52,63.54,1964.0404
2023-03-28,655,26.41,275.23,143.52,136.02,204.96,128.88,471.44,6.0,101.03,29.29,59.28,1973.6927
2023-03-27,656,26.53,276.38,141.66,131.88,200.57,128.49,473.39,6.01,102.46,29.18,59.79,1956.5594
2023-03-24,657,26.78,280.57,140.58,129.26,197.53,124.91,474.54,6.0,105.44,29.36,61.16,1977.2172
2023-03-23,658,27.19,277.66,145.18,130.38,197.9,126.84,467.9,6.02,105.6,29.03,61.34,1993.5033
2023-03-22,659,26.47,272.29,144.94,131.77,196.16,127.18,468.9,6.16,103.37,28.13,58.17,1969.5811
2023-03-21,660,26.2,273.78,142.78,132.19,204.7,130.55,474.76,6.0,104.92,28.46,58.63,1940.1461
2023-03-20,661,25.9,272.23,138.82,128.91,204.77,127.14,475.7,6.05,101.22,29.16,57.64,1978.7122
2023-03-17,662,25.73,279.43,137.36,126.37,201.05,125.81,465.87,6.03,101.62,29.81,56.66,1987.9301
2023-03-16,663,25.54,276.2,140.96,127.17,203.19,130.75,473.24,6.43,100.32,30.18,56.57,1919.1161
2023-03-15,664,24.23,265.44,138.1,124.33,198.21,128.26,473.31,6.25,96.11,28.41,54.13,1918.0975
2023-03-14,665,24.06,260.79,145.58,131.62,207.28,134.62,478.87,6.37,93.97,28.01,54.27,1902.1171
2023-03-13,666,22.97,253.92,140.96,128.11,203.37,131.25,477.33,6.33,91.11,26.95,53.9,1913.235
2023-03-10,667,22.96,248.59,147.5,132.16,203.07,133.65,475.5,6.33,90.63,27.22,54.93,1867.83
2023-03-09,668,23.44,252.32,151.16,132.28,201.24,130.34,475.85,6.12,92.32,26.44,55.6,1830.89
2023-03-08,669,24.18,253.7,149.82,132.77,207.2,137.8,479.5,6.07,94.25,25.98,56.89,1813.59
2023-03-07,670,23.29,254.15,148.02,136.96,207.92,138.62,478.66,5.78,93.86,25.53,55.56,1813.52
2023-03-06,671,23.55,256.87,147.52,139.69,211.92,142.82,480.17,5.91,95.13,25.99,56.83,1846.85
2023-03-03,672,23.89,255.29,147.08,141.17,215.11,143.66,477.89,5.93,93.65,26.4,56.78,1854.97
2023-03-02,673,23.31,251.11,144.46,139.23,210.06,141.07,478.31,6.0,92.0,26.2,56.43,1836.0004
2023-03-01,674,22.7,246.27,145.34,139.29,204.55,142.55,474.33,6.06,90.36,25.33,57.34,1836.8051
2023-02-28,675,23.22,249.42,144.7,131.73,201.55,143.35,474.26,5.83,90.06,24.93,57.82,1827.15
2023-02-27,676,23.5,250.16,143.8,135.05,200.46,142.16,479.49,5.79,89.87,24.9,57.9,1817.31
2023-02-24,677,23.29,249.22,141.46,132.75,198.15,140.93,480.4,5.77,89.13,25.14,58.18,1810.81
2023-02-23,678,23.66,254.77,145.98,132.43,208.13,139.67,479.08,5.8,90.89,25.61,58.75,1822.64
2023-02-22,679,20.75,251.51,144.34,130.69,205.76,138.56,479.53,5.59,91.65,25.47,56.98,1825.04
2023-02-21,680,20.66,252.67,143.74,132.2,205.52,139.63,479.19,5.54,91.79,26.06,57.6,1834.3232
2023-02-17,681,21.39,258.06,145.44,129.61,211.66,142.24,475.63,5.64,94.35,27.61,59.01,1841.59
2023-02-16,682,22.0,262.15,147.38,133.97,212.21,141.82,471.25,5.56,95.51,28.2,60.05,1837.44
2023-02-15,683,22.76,269.32,148.5,136.37,217.44,143.8,480.51,5.77,96.94,28.85,61.84,1836.19
2023-02-14,684,22.97,272.17,145.02,139.69,218.45,143.2,481.58,5.56,94.68,28.64,62.07,1854.29
2023-02-13,685,21.79,271.32,146.16,139.8,215.65,142.57,481.97,5.68,94.61,28.55,60.12,1853.39
2023-02-10,686,21.27,263.1,145.74,140.73,212.89,141.04,480.83,5.66,94.57,27.8,59.82,1864.67
2023-02-09,687,22.34,263.62,149.42,132.62,211.99,140.42,470.09,5.69,95.01,27.73,60.18,1861.39
2023-02-08,688,22.2,266.73,140.06,134.12,213.5,142.64,469.65,5.64,99.37,28.24,60.25,1875.59
2023-02-07,689,22.17,267.56,140.86,134.52,214.76,143.65,468.33,5.55,107.64,29.05,62.13,1873.81
2023-02-06,690,21.09,256.77,142.96,128.09,206.81,141.92,469.1,5.68,102.9,28.69,59.98,1867.36
2023-02-03,691,21.1,258.35,145.02,131.73,206.01,141.09,459.08,5.55,104.78,30.32,62.41,1865.53
2023-02-02,692,21.71,264.6,143.72,133.05,209.34,138.94,457.19,5.53,107.74,30.19,63.17,1912.37
2023-02-01,693,20.94,252.75,143.0,136.23,214.75,139.59,462.25,5.49,100.43,29.07,62.6,1950.42
2023-01-31,694,19.54,247.81,142.9,140.03,213.0,139.96,463.26,5.54,98.84,28.26,60.3,1927.88
2023-01-30,695,19.16,242.71,143.26,140.19,209.67,139.13,460.59,5.46,96.94,27.95,61.71,1922.5173
2023-01-27,696,20.36,248.16,144.5,143.21,211.17,140.32,459.6,5.96,99.37,28.16,63.87,1927.34
2023-01-26,697,19.8,248.0,144.06,149.96,212.73,139.98,459.81,6.0,97.52,30.09,62.8,1928.99
2023-01-25,698,19.32,240.61,142.82,143.35,212.68,139.12,454.16,5.57,95.22,29.7,61.54,1945.93
2023-01-24,699,19.27,242.04,143.3,145.03,211.98,138.45,449.23,5.35,97.7,29.92,61.26,1937.45
2023-01-23,700,19.19,242.58,143.92,143.08,209.97,137.27,441.28,5.26,99.79,30.27,61.82,1931.3
2023-01-20,701,17.84,240.22,141.88,142.73,206.76,135.08,443.28,5.47,98.02,29.22,58.46,1926.574
2023-01-19,702,16.77,231.93,140.6,138.47,207.09,134.75,439.31,5.39,93.05,28.42,56.36,1931.39
2023-01-18,703,17.38,235.81,144.96,135.52,209.41,136.57,441.27,5.49,91.12,28.81,56.51,1903.76
2023-01-17,704,17.7,240.35,145.0,137.61,211.41,140.8,447.16,5.45,91.29,29.6,56.85,1908.39
2023-01-13,705,16.9,239.23,142.44,136.13,214.13,143.01,449.83,5.52,92.12,30.11,56.93,1920.21
2023-01-12,706,16.51,238.51,142.06,135.32,214.32,139.49,461.74,5.52,91.13,30.29,57.27,1896.86
2023-01-11,707,16.0,235.77,140.16,133.6,208.03,139.63,463.0,5.45,91.52,29.85,58.06,1876.38
2023-01-10,708,15.91,228.85,138.14,132.01,206.69,138.6,462.29,5.4,88.42,29.44,57.21,1877.27
2023-01-09,709,15.63,227.12,138.34,128.58,208.57,137.37,458.99,5.4,88.02,29.31,56.36,1871.59
2023-01-06,710,14.86,224.93,136.14,127.56,213.0,137.94,473.24,5.59,87.34,28.73,56.77,1865.71
2023-01-05,711,14.27,222.31,134.84,126.59,204.99,135.35,477.07,5.7,86.2,27.56,54.71,1833.19
2023-01-04,712,14.75,229.1,135.28,119.62,203.64,136.38,476.5,5.59,88.08,27.68,54.2,1854.09
2023-01-03,713,14.31,239.58,130.94,120.04,195.39,135.12,477.53,5.61,89.12,26.73,50.37,1839.49
2022-12-30,714,14.61,239.82,129.64,126.86,190.49,134.1,486.49,5.59,88.23,26.43,49.98,1824.4
2022-12-29,715,14.6,241.01,130.44,126.32,188.91,133.22,487.05,5.51,88.45,26.21,50.65,1814.89
2022-12-28,716,14.04,234.53,128.42,125.35,188.38,132.46,483.22,5.02,86.02,25.54,49.12,1804.09
2022-12-27,717,14.12,236.96,129.52,126.41,189.4,131.74,485.5,4.91,87.39,25.94,50.02,1813.93
2022-12-23,718,15.21,238.73,128.54,124.37,189.06,131.28,483.29,4.99,89.23,26.09,50.2,1797.91
2022-12-22,719,15.34,238.19,128.56,119.62,188.25,130.66,479.3,4.86,87.76,25.97,49.43,1792.57
2022-12-21,720,16.5,244.43,129.9,122.68,196.0,132.16,487.65,4.76,89.58,26.83,51.19,1814.13
2022-12-20,721,16.09,241.8,127.78,121.88,188.29,130.69,486.15,4.22,89.02,26.44,50.68,1817.4084
2022-12-19,722,16.25,240.45,128.02,119.71,185.68,130.06,481.79,4.2,88.44,26.79,51.72,1787.44
2022-12-16,723,16.57,244.69,127.08,119.37,184.7,129.29,481.79,4.48,90.26,26.92,52.07,1792.34
2022-12-15,724,16.95,249.01,127.52,119.92,183.72,130.1,478.79,4.14,90.86,27.15,52.04,1776.66
2022-12-14,725,17.67,257.22,133.02,119.73,188.25,133.41,485.19,4.11,95.07,28.26,54.59,1807.27
2022-12-13,726,18.07,256.92,134.86,120.53,187.13,134.08,480.22,4.12,95.63,28.73,55.24,1810.29
2022-12-12,727,17.54,252.51,134.3,120.66,186.27,134.21,486.32,4.12,93.31,28.69,55.35,1781.15
2022-12-09,728,17.0,245.42,133.44,114.65,179.54,132.16,483.58,4.16,92.83,28.24,54.87,1796.63
2022-12-08,729,17.17,247.4,132.0,116.9,179.08,132.88,485.38,4.17,93.71,28.44,55.2,1789.23
2022-12-07,730,16.12,244.37,132.9,120.19,176.5,131.5,481.2,4.16,94.94,28.33,53.82,1786.22
2022-12-06,731,15.99,245.12,133.76,118.86,178.43,131.59,484.0,4.2,96.98,28.6,53.68,1770.91
2022-12-05,732,16.61,250.2,135.44,120.96,185.1,131.37,490.67,4.42,99.48,29.17,54.04,1768.39
2022-12-02,733,16.88,255.02,134.7,127.07,182.87,135.16,496.23,4.65,100.44,29.41,54.68,1797.82
2022-12-01,734,17.14,254.69,133.66,132.03,175.78,136.24,483.69,4.56,100.99,29.83,55.49,1802.89
2022-11-30,735,16.92,255.14,131.22,133.62,178.88,138.18,485.19,4.64,100.99,30.07,57.65,1768.45
2022-11-29,736,15.64,240.33,133.08,135.2,175.32,136.56,484.1,4.67,95.19,28.9,55.12,1749.73
2022-11-28,737,15.83,241.76,131.54,134.84,171.83,134.35,483.21,4.52,96.05,28.73,55.75,1740.75
2022-11-25,738,16.27,247.49,132.06,138.4,178.36,136.74,483.46,4.39,97.46,29.34,58.41,1756.14
2022-11-23,739,16.52,247.58,130.68,139.21,174.85,136.48,481.07,4.33,98.46,29.67,58.93,1749.28
2022-11-22,740,16.04,245.03,130.68,141.98,172.5,135.04,479.5,4.2,97.05,29.82,58.62,1740.24
2022-11-21,741,15.32,242.05,129.1,135.96,172.94,133.05,480.94,4.16,95.6,28.94,57.16,1737.8081
2022-11-18,742,15.41,241.22,132.5,137.62,173.89,133.84,476.82,4.18,97.43,29.87,58.58,1749.74
2022-11-17,743,15.68,241.68,129.58,137.91,172.78,132.54,472.77,4.24,98.36,29.89,58.74,1760.87
2022-11-16,744,15.91,241.73,121.12,135.53,172.69,133.12,466.24,4.27,98.85,29.53,58.87,1773.77
2022-11-15,745,16.67,241.97,123.12,140.71,175.35,132.94,467.25,4.24,98.44,30.71,63.1,1778.25
2022-11-14,746,16.3,241.55,122.86,136.8,173.55,133.91,462.04,4.26,95.7,30.35,61.78,1771.8
2022-11-11,747,16.33,247.11,122.6,133.96,177.49,135.3,463.86,4.2,96.41,30.43,62.52,1770.69
2022-11-10,748,15.75,242.98,120.7,132.45,177.58,135.08,490.77,4.22,93.94,29.76,60.27,1754.75
2022-11-09,749,13.78,224.51,115.76,128.0,168.74,129.74,485.18,4.21,87.32,27.52,55.97,1706.32
2022-11-08,750,14.6,228.87,116.54,132.25,169.62,131.45,494.12,4.17,88.9,28.48,57.49,1712.52
2022-11-07,751,14.3,227.87,114.56,131.78,164.91,131.37,488.63,4.16,88.49,28.41,56.56,1674.68
2022-11-04,752,14.16,221.39,113.04,128.72,160.01,130.68,481.67,4.22,86.58,28.2,56.16,1680.27
2022-11-03,753,13.42,214.25,108.1,129.71,156.75,127.2,484.82,4.22,83.43,27.39,53.48,1629.15
2022-11-02,754,13.22,220.1,110.32,125.83,147.41,126.97,482.06,4.12,86.97,27.42,53.45,1634.887
2022-11-01,755,13.54,228.17,112.3,130.0,143.38,128.15,485.63,4.16,90.47,28.3,54.86,1647.5033
2022-10-31,756,13.5,232.13,110.64,125.55,142.51,125.88,486.68,4.08,94.51,28.43,54.1,1633.1224
2022-10-28,757,13.83,235.87,111.44,125.98,143.84,126.08,484.87,4.18,96.29,29.07,54.04,1641.76
2022-10-27,758,13.18,226.75,112.2,128.27,139.76,124.6,471.93,4.02,92.22,26.27,52.21,1662.9399
2022-10-26,759,12.9,231.32,112.36,126.74,133.79,124.11,462.56,3.96,94.93,27.21,55.45,1664.4884
2022-10-25,760,13.26,250.66,111.24,126.8,146.65,122.7,460.15,3.98,104.48,27.41,55.87,1652.5239
2022-10-24,761,12.6,247.25,109.84,129.22,142.05,122.38,457.46,3.99,102.52,27.18,56.24,1648.6
2022-10-21,762,12.47,242.12,106.84,127.74,141.32,122.23,454.61,3.96,101.13,26.97,56.05,1656.66
2022-10-20,763,12.19,236.15,107.9,124.44,139.13,116.13,444.34,3.95,99.97,26.08,53.7,1627.6637
2022-10-19,764,12.05,236.48,107.98,123.96,138.39,116.51,439.96,3.94,99.63,26.0,53.03,1628.4883
2022-10-18,765,11.97,238.5,108.32,117.7,137.34,118.84,431.84,4.0,100.77,25.87,52.55,1651.8273
2022-10-17,766,11.89,237.53,107.02,115.5,136.09,115.86,397.31,4.0,99.97,26.42,53.5,1649.9447
2022-10-14,767,11.23,228.56,104.16,114.12,133.15,111.19,389.41,4.03,96.56,25.91,52.72,1641.7584
2022-10-13,768,11.96,234.24,105.24,120.86,132.4,109.37,405.96,4.1,99.06,26.42,54.86,1665.7972
2022-10-12,769,11.5,225.75,102.44,115.2,130.42,103.61,397.42,4.05,97.56,25.33,52.75,1672.5052
2022-10-11,770,11.59,225.41,103.1,109.69,131.57,101.96,411.06,3.99,97.18,25.04,53.71,1665.3075
2022-10-10,771,11.67,229.25,103.88,110.86,131.9,104.99,409.99,4.0,97.86,25.2,51.38,1667.9564
2022-10-07,772,12.08,234.24,102.66,113.78,129.79,105.98,403.96,4.15,98.68,25.72,52.91,1694.52
2022-10-06,773,13.13,246.79,105.14,119.22,132.2,108.14,399.61,4.3,101.42,27.18,54.62,1710.85
2022-10-05,774,13.21,249.2,104.24,118.09,132.11,110.39,402.51,4.28,101.43,27.64,54.73,1715.8105
2022-10-04,775,13.17,248.88,106.32,117.58,133.51,112.77,406.11,4.52,101.64,27.7,53.96,1726.2408
2022-10-03,776,12.51,240.74,100.92,112.31,126.05,107.73,399.74,4.44,98.64,26.97,51.72,1699.2225
2022-09-30,777,12.14,232.9,101.2,106.85,121.08,104.5,386.29,4.56,95.65,25.77,50.1,1659.67
2022-09-29,778,12.22,237.5,98.26,107.24,125.33,106.16,389.79,4.41,97.42,26.38,50.01,1660.2917
2022-09-28,779,12.74,241.07,99.46,108.8,133.44,107.99,400.0,4.4,100.05,27.13,51.0,1659.4449
2022-09-27,780,12.41,236.41,97.92,101.17,127.51,105.85,399.74,4.36,97.5,26.89,50.58,1628.8024
2022-09-26,781,12.23,237.45,98.25,97.89,127.34,106.79,407.65,4.4,98.17,26.97,48.88,1621.5675
2022-09-23,782,12.52,237.92,98.63,100.57,131.26,109.14,413.07,4.53,98.74,27.52,50.1,1643.09
2022-09-22,783,12.56,240.98,99.06,107.59,138.71,111.21,422.08,4.76,100.14,28.07,49.66,1670.5345
2022-09-21,784,13.26,238.95,100.9,105.53,143.29,112.49,420.2,4.79,99.28,28.47,50.1,1673.7368
2022-09-20,785,13.18,242.45,99.37,107.42,145.94,115.83,420.58,4.86,101.14,28.96,50.8,1663.1089
2022-09-19,786,13.38,244.52,101.0,104.67,144.88,118.16,416.52,4.6,103.07,29.44,52.1,1675.7758
2022-09-16,787,13.2,244.74,100.14,104.46,144.29,117.08,414.29,4.55,102.8,29.24,52.85,1674.9448
2022-09-15,788,12.93,245.38,102.02,105.16,149.78,117.87,413.59,4.52,102.91,28.84,52.69,1663.7408
2022-09-14,789,13.13,252.22,102.72,109.59,149.26,116.12,416.63,4.36,105.0,29.18,53.11,1695.795
2022-09-13,790,13.13,251.99,104.56,111.33,147.31,116.39,409.33,4.87,104.32,29.29,53.62,1701.554
2022-09-12,791,14.51,266.65,107.58,114.25,158.72,120.58,418.64,4.88,110.86,31.56,57.94,1724.0702
2022-09-09,792,14.39,264.46,105.0,113.32,157.52,119.17,421.53,4.91,110.65,31.46,57.44,1716.05
2022-09-08,793,13.99,258.52,103.12,111.93,157.79,118.6,419.65,4.88,108.38,30.75,55.39,1707.275
2022-09-07,794,13.71,258.09,104.46,112.62,155.95,115.9,420.14,4.87,109.45,30.65,55.0,1717.6935
2022-09-06,795,13.46,253.25,103.52,112.78,152.39,113.74,417.78,4.83,106.81,30.36,55.23,1701.1531
2022-09-02,796,13.65,256.06,104.88,113.82,151.82,113.71,418.57,5.0,107.85,31.22,56.33,1711.44
2022-09-01,797,13.94,260.4,99.62,110.64,153.66,114.51,422.61,5.07,109.74,31.76,57.31,1696.09
2022-08-31,798,15.09,261.47,101.08,117.12,160.25,113.73,420.11,5.14,108.22,31.92,56.53,1710.705
2022-08-30,799,15.47,262.97,103.74,118.03,162.21,114.41,425.11,5.15,108.94,32.26,56.3,1723.5498
2022-08-29,800,15.8,265.23,102.22,123.42,165.42,114.39,429.68,5.15,109.42,32.94,57.01,1737.8237
2022-08-26,801,16.26,268.09,102.9,121.88,164.53,114.67,431.13,5.16,110.34,33.36,57.63,1736.86
2022-08-25,802,17.91,278.85,105.28,123.36,169.38,118.55,438.64,5.21,116.65,34.89,61.2,1758.4374
2022-08-24,803,17.22,275.79,104.86,122.12,163.6,115.8,433.71,5.2,113.69,33.86,58.31,1750.8882
2022-08-23,804,17.18,276.44,103.2,122.11,160.07,115.52,433.12,4.98,113.86,33.95,57.86,1747.6746
2022-08-22,805,17.03,277.75,103.7,119.13,158.98,116.67,432.33,5.0,114.24,33.84,58.31,1735.705
2022-08-19,806,17.85,286.15,108.2,118.55,162.92,118.63,440.03,4.92,117.21,35.38,60.51,1747.829
2022-08-18,807,18.77,290.17,110.26,118.79,168.69,121.64,439.35,5.02,120.17,36.2,62.98,1758.1956
2022-08-17,808,18.34,291.32,108.64,117.75,167.2,122.59,441.59,5.07,119.55,35.78,61.62,1761.05
2022-08-16,809,18.88,292.71,112.04,113.31,172.08,123.63,440.16,5.15,121.7,36.19,63.86,1775.5417
2022-08-15,810,19.03,293.47,112.2,111.95,170.47,122.46,438.01,5.15,122.08,36.34,64.7,1778.91
2022-08-12,811,18.71,291.91,111.84,115.19,169.99,122.13,434.24,5.16,121.68,36.11,65.04,1801.7612
2022-08-11,812,17.94,287.02,109.92,114.09,167.88,120.14,428.85,5.21,118.84,35.59,62.32,1789.4504
2022-08-10,813,18.1,289.16,109.18,111.76,169.02,118.39,429.99,5.22,119.7,35.37,61.4,1792.1278
2022-08-09,814,17.09,282.3,106.52,110.67,164.85,115.38,428.55,5.15,116.63,34.52,59.15,1794.0846
2022-08-08,815,17.79,280.32,109.4,106.39,165.89,114.35,423.86,5.21,117.3,35.38,61.45,1788.5239
2022-08-05,816,18.99,282.91,108.64,104.99,165.04,115.76,426.41,5.21,117.47,35.39,62.46,1774.15
2022-08-04,817,19.21,283.65,109.26,104.33,166.5,112.36,428.13,5.22,118.19,35.66,64.85,1791.0813
2022-08-03,818,18.89,282.47,107.54,107.81,166.64,113.61,429.3,5.18,118.08,36.52,64.25,1764.896
2022-08-02,819,18.53,274.82,106.4,112.99,163.28,112.43,428.78,5.19,115.13,36.01,62.47,1759.7466
2022-08-01,820,18.44,278.01,107.02,110.65,169.07,114.21,419.28,5.23,114.86,36.96,62.54,1771.7292
2022-07-29,821,18.16,280.74,108.54,110.77,159.31,115.36,413.81,5.23,116.32,36.31,61.86,1765.22
2022-07-28,822,17.98,276.41,106.1,109.51,159.09,114.81,406.08,5.05,114.22,39.71,62.07,1755.4937
2022-07-27,823,17.79,268.74,104.52,111.5,156.09,115.24,398.54,5.17,113.06,40.18,61.89,1733.8922
2022-07-26,824,16.53,251.9,102.84,107.63,155.92,113.42,396.81,4.87,105.02,38.96,59.66,1717.0005
2022-07-25,825,17.02,258.83,104.4,109.32,156.64,115.22,399.8,4.9,107.51,39.16,60.15,1718.78
2022-07-22,826,17.32,260.36,105.42,104.02,158.16,114.76,394.74,4.91,107.9,39.2,61.29,1726.46
2022-07-21,827,18.05,264.84,107.14,104.15,161.41,115.32,395.2,5.01,114.34,40.61,63.64,1718.4924
2022-07-20,828,17.81,262.27,106.86,109.28,158.38,114.54,395.22,4.86,113.9,40.56,63.3,1696.433
2022-07-19,829,16.99,259.53,105.78,108.74,156.13,114.56,390.38,4.83,113.81,40.22,62.4,1711.0656
2022-07-18,830,16.1,254.25,101.2,106.31,147.72,111.79,387.28,4.83,109.03,38.71,60.45,1709.0118
2022-07-15,831,15.76,256.72,100.1,104.59,147.74,112.95,398.38,4.95,111.78,38.62,61.53,1706.78
2022-07-14,832,15.37,254.08,95.86,100.78,147.15,108.0,400.31,4.86,110.37,37.71,59.35,1709.4491
2022-07-13,833,15.16,252.72,96.11,102.39,143.95,111.91,408.0,5.71,111.35,37.21,58.86,1735.2314
2022-07-12,834,15.08,253.67,97.63,104.86,147.15,112.97,413.99,5.57,114.02,37.21,59.18,1725.806
2022-07-11,835,15.15,264.51,96.8,107.79,136.99,112.86,419.07,5.59,115.68,37.2,57.81,1733.6726
2022-07-08,836,15.84,267.66,99.84,107.03,139.07,114.36,420.35,5.57,119.35,37.99,59.14,1741.82
2022-07-07,837,15.86,268.4,97.71,106.34,139.97,114.72,422.19,5.59,118.78,38.14,58.85,1739.6115
2022-07-06,838,15.13,266.21,96.05,101.71,136.31,111.89,425.89,5.58,114.57,36.99,57.37,1738.3035
2022-07-05,839,14.96,262.85,93.74,103.59,137.7,112.62,415.25,5.55,113.26,36.69,56.73,1764.3528
2022-07-01,840,14.52,259.58,96.0,107.98,139.84,114.05,433.52,5.55,108.74,36.34,53.65,1810.18
2022-06-30,841,15.16,256.83,97.09,106.28,136.72,112.61,429.96,5.78,108.96,37.41,55.28,1806.887
2022-06-29,842,15.54,260.26,101.4,108.85,138.45,115.3,418.89,5.39,111.7,37.29,56.02,1817.109
2022-06-28,843,15.98,256.48,104.14,116.25,138.7,115.82,420.71,5.43,112.01,37.78,57.86,1819.6949
2022-06-27,844,16.87,264.89,104.14,112.24,138.72,116.38,419.25,5.53,115.83,38.63,58.78,1822.73
2022-06-24,845,17.13,267.7,102.62,103.93,141.53,117.32,419.04,5.61,117.97,38.61,58.44,1826.18
2022-06-23,846,16.23,258.86,99.26,104.53,133.97,113.92,410.62,5.54,112.24,37.41,56.22,1822.4293
2022-06-22,847,16.36,253.13,101.54,113.13,137.16,115.18,415.45,5.83,111.49,37.38,56.34,1837.3864
2022-06-21,848,16.57,253.74,103.14,116.47,136.75,115.83,418.96,5.81,111.54,37.73,56.8,1832.5585
2022-06-17,849,15.88,247.65,103.62,112.44,136.8,113.03,404.01,5.68,107.14,36.97,55.75,1839.35
2022-06-16,850,15.6,244.97,102.3,118.74,133.36,113.43,404.79,5.59,106.03,37.34,55.01,1856.7075
2022-06-15,851,16.53,251.76,108.98,128.3,133.72,115.41,414.1,5.59,109.76,38.65,59.12,1833.3793
2022-06-14,852,15.84,244.49,109.22,133.75,122.16,114.06,416.17,5.55,106.72,37.93,58.7,1808.1
2022-06-13,853,15.65,242.26,111.6,131.61,115.86,115.99,423.93,5.59,106.39,37.77,58.84,1818.7742
2022-06-10,854,16.97,252.99,115.1,140.51,127.0,119.55,430.19,5.63,111.16,39.18,62.62,1870.96
2022-06-09,855,18.05,264.79,121.68,143.41,133.73,125.31,432.72,5.67,114.84,40.01,66.02,1847.6095
2022-06-08,856,18.65,270.41,124.16,143.77,139.63,128.0,443.41,5.82,117.19,41.23,68.6,1853.255
2022-06-07,857,18.93,272.5,125.0,145.08,140.82,130.07,456.3,5.71,117.15,43.53,70.76,1851.9741
2022-06-06,858,18.79,268.75,125.84,138.69,139.24,129.73,443.41,6.14,116.82,43.34,70.45,1840.9982
2022-06-03,859,18.72,270.02,124.02,135.42,139.25,130.16,442.69,6.1,114.54,43.39,69.94,1850.7656
2022-06-02,860,19.59,274.58,125.24,133.62,140.5,132.0,441.11,5.86,117.62,44.84,75.37,1868.1277
2022-06-01,861,18.32,272.42,122.58,132.55,130.65,129.91,439.3,5.86,113.89,44.11,73.55,1845.55
2022-05-31,862,18.67,271.87,122.44,129.6,131.4,132.23,440.11,5.97,113.76,44.42,73.84,1837.0925
2022-05-27,863,18.81,273.24,121.86,131.81,132.23,131.27,450.56,5.93,112.32,44.55,73.32,1852.73
2022-05-26,864,17.85,265.9,118.52,128.12,127.73,129.44,447.99,5.81,107.79,43.48,70.6,1850.0236
2022-05-25,865,16.98,262.52,114.82,127.34,122.06,127.24,447.54,5.97,105.81,42.2,67.87,1852.8307
2022-05-24,866,16.15,259.62,114.2,124.21,119.4,126.36,442.78,5.97,105.97,41.67,66.62,1865.9
2022-05-23,867,16.9,260.65,116.7,123.96,124.07,124.6,433.03,5.99,111.49,42.0,69.59,1853.2185
2022-05-20,868,16.69,252.56,115.08,122.98,120.7,117.34,424.15,5.97,108.91,41.65,68.9,1845.68
2022-05-19,869,17.12,253.14,112.46,124.26,127.14,118.31,425.62,6.09,110.38,42.01,69.4,1841.7188
2022-05-18,870,16.94,254.08,113.62,124.68,125.52,120.09,434.33,6.06,111.9,42.35,71.05,1815.61
2022-05-17,871,18.18,266.82,116.5,128.06,132.05,122.18,441.0,5.87,116.47,44.4,74.48,1814.6685
2022-05-16,872,17.26,261.5,113.6,127.78,124.05,118.26,437.55,5.71,114.44,43.08,70.47,1823.7904
2022-05-13,873,17.71,261.12,116.08,124.7,127.2,119.09,435.17,5.79,116.05,43.6,71.92,1811.1544
2022-05-12,874,16.18,255.35,113.9,120.41,123.14,118.04,434.59,5.72,112.84,42.84,67.71,1821.72
2022-05-11,875,16.63,260.55,116.8,120.42,129.39,118.14,440.41,5.81,113.6,42.83,66.96,1852.1202
2022-05-10,876,17.59,269.5,114.72,120.97,132.95,118.89,439.13,5.86,114.39,44.01,68.91,1838.1431
2022-05-09,877,16.95,264.58,111.7,118.45,133.31,121.86,438.84,5.85,112.51,43.07,67.93,1853.9207
2022-05-06,878,18.68,274.73,114.64,129.18,148.9,123.72,449.43,5.93,115.75,44.3,70.35,1882.9565
2022-05-05,879,18.84,277.35,116.58,125.83,150.47,123.92,443.15,6.11,116.51,44.6,71.29,1876.8408
2022-05-04,880,20.33,289.98,115.78,128.23,156.97,127.1,445.74,6.28,122.26,46.54,73.62,1880.9229
2022-05-03,881,19.6,281.78,114.56,121.4,153.58,123.03,434.77,6.13,117.33,45.06,71.26,1867.785
2022-05-02,882,19.53,284.47,115.12,116.6,148.61,120.45,430.81,6.13,116.58,44.96,70.6,1862.7676
2022-04-29,883,18.55,277.52,117.78,111.48,148.84,119.36,432.12,6.43,114.11,43.59,68.19,1896.3959
2022-04-28,884,19.78,289.63,116.26,115.53,154.22,123.34,441.71,6.22,118.52,46.84,70.18,1894.3423
2022-04-27,885,18.41,283.22,114.1,109.51,154.46,121.42,444.98,6.18,114.29,45.22,66.47,1886.1154
2022-04-26,886,18.79,270.22,113.02,105.14,167.04,123.02,446.09,6.13,118.65,45.52,67.08,1905.5576
2022-04-25,887,19.9,280.72,115.98,100.88,175.91,126.77,442.89,6.09,123.07,47.06,70.12,1897.6925
2022-04-22,888,19.52,274.03,118.24,103.05,176.92,126.81,445.79,6.55,119.64,46.54,69.41,1929.73
2022-04-21,889,20.18,280.81,123.0,104.91,181.02,130.56,439.54,6.62,124.81,47.5,70.92,1951.495
2022-04-20,890,21.48,286.36,119.76,108.07,183.55,131.58,453.87,6.65,128.04,48.11,73.2,1957.405
2022-04-19,891,22.2,285.3,117.12,107.74,185.98,131.12,459.9,6.62,130.01,47.93,72.73,1949.84
2022-04-18,892,21.78,280.52,0.0,110.35,179.85,128.46,467.44,6.62,127.68,46.64,71.15,1978.4967
2022-04-14,893,21.26,279.83,117.0,104.86,181.94,126.12,467.66,6.62,126.73,45.67,70.13,1973.5195
2022-04-13,894,22.2,287.62,116.28,103.94,182.87,127.3,469.19,6.74,129.89,47.01,72.38,1977.7228
2022-04-12,895,21.5,282.06,116.64,100.79,176.28,131.54,467.55,6.67,127.71,46.5,71.96,1966.59
2022-04-11,896,21.92,285.26,116.2,100.9,175.03,133.0,464.25,6.69,128.82,46.57,72.03,1953.4324
2022-04-08,897,23.12,296.97,118.1,103.22,175.2,133.49,461.52,6.66,133.29,47.02,72.14,1945.85
2022-04-07,898,24.21,301.37,115.96,103.33,177.97,131.09,465.51,6.85,135.89,47.56,73.28,1932.1741
2022-04-06,899,24.41,299.5,118.0,103.3,178.72,131.49,454.58,7.08,136.55,47.54,73.78,1925.4808
2022-04-05,900,25.93,310.88,122.0,101.46,182.65,133.34,447.24,6.85,140.59,48.13,74.61,1923.7574
2022-04-04,901,27.36,314.97,125.72,100.74,191.18,135.91,444.01,6.73,142.97,49.2,77.67,1932.4391
2022-04-01,902,26.71,309.42,126.7,101.27,190.76,135.31,445.98,6.65,140.15,48.11,76.18,1924.3
2022-03-31,903,27.29,308.31,125.66,101.54,191.5,136.32,441.4,6.89,139.07,49.56,77.89,1937.23
2022-03-30,904,27.69,313.86,130.02,100.5,194.91,140.54,445.95,6.82,141.94,51.43,79.16,1933.0594
2022-03-29,905,28.66,315.41,134.46,96.68,193.8,141.18,437.15,6.85,142.51,52.25,82.05,1919.1851
2022-03-28,906,28.22,310.7,129.2,96.37,188.16,140.87,444.98,6.85,141.46,51.51,79.86,1923.2025
2022-03-25,907,27.69,303.68,128.38,97.25,188.95,141.92,453.66,6.82,141.67,51.83,78.1,1957.4
2022-03-24,908,28.15,304.1,130.12,96.44,189.05,140.69,449.73,6.85,141.57,51.62,78.21,1957.48
2022-03-23,909,25.63,299.49,131.0,95.52,186.04,139.78,445.25,6.85,138.28,48.27,75.65,1943.3809
2022-03-22,910,26.52,304.06,133.2,93.59,191.04,142.62,440.59,7.01,139.87,48.39,79.12,1921.4417
2022-03-21,911,26.73,299.16,133.08,94.26,185.9,139.65,440.0,6.89,136.1,47.39,78.35,1935.9524
2022-03-18,912,26.45,300.43,136.04,90.43,192.83,140.1,426.18,7.17,136.13,47.45,79.41,1921.087
2022-03-17,913,24.77,295.22,134.54,89.09,190.19,140.15,428.59,6.81,133.84,47.14,80.52,1942.64
2022-03-16,914,24.5,294.39,136.24,84.94,188.99,138.4,421.34,6.75,133.28,46.63,79.67,1927.9292
2022-03-15,915,22.97,287.15,128.36,84.41,179.89,132.48,448.67,6.7,129.2,44.81,73.11,1917.8427
2022-03-14,916,21.33,276.44,129.16,90.55,175.52,130.17,444.45,6.66,125.95,44.4,69.4,1951.115
2022-03-11,917,22.1,280.07,127.28,91.67,176.23,128.89,439.04,6.83,129.87,45.83,72.82,1985.2885
2022-03-10,918,22.66,285.59,123.08,89.58,178.39,131.86,444.36,7.21,132.43,46.66,75.72,1995.8586
2022-03-09,919,23.01,288.5,127.72,87.14,178.56,133.44,448.72,7.16,133.42,47.63,79.44,1991.49
2022-03-08,920,21.51,275.85,115.5,90.54,173.8,128.3,448.99,6.8,127.1,47.5,77.16,2052.41
2022-03-07,921,21.35,278.91,113.78,84.01,169.17,129.21,466.15,6.97,126.38,47.68,75.7,1998.11
2022-03-04,922,22.94,289.86,113.22,85.98,180.84,134.4,458.15,7.16,131.91,48.07,81.91,1968.4535
2022-03-03,923,23.71,295.92,121.62,84.19,188.85,138.29,447.82,7.33,133.9,47.93,89.18,1935.21
2022-03-02,924,24.22,300.19,123.8,83.62,197.81,139.28,450.0,7.23,134.57,48.87,93.3,1926.1108
2022-03-01,925,23.48,294.95,120.46,80.63,194.91,136.45,456.61,6.97,134.06,46.82,86.26,1943.219
2022-02-28,926,24.39,298.79,126.66,83.51,205.34,141.8,433.8,7.23,135.06,47.7,88.86,1907.9028
2022-02-25,927,24.16,297.31,129.72,84.87,201.48,147.97,409.49,6.84,134.46,47.71,90.1,1887.5608
2022-02-24,928,23.75,294.59,124.18,83.84,198.43,144.55,395.71,6.89,132.69,46.72,88.83,1903.144
2022-02-23,929,22.39,280.27,131.54,86.35,196.42,148.69,388.9,6.93,127.59,44.65,87.31,1907.5494
2022-02-22,930,23.39,287.72,132.04,85.84,198.74,151.87,386.2,7.08,129.81,44.69,90.57,1898.1344
2022-02-18,931,23.64,287.93,136.34,86.72,209.03,152.14,386.46,7.08,130.4,45.04,90.8,1897.868
2022-02-17,932,24.51,290.73,139.5,87.04,213.58,151.43,388.77,7.13,132.54,47.57,93.73,1897.2697
2022-02-16,933,26.51,299.5,142.54,88.04,218.93,155.0,386.9,7.18,137.74,48.23,96.06,1868.3674
2022-02-15,934,26.5,300.47,143.4,88.53,217.73,154.72,382.22,7.33,136.61,48.44,96.0,1853.06
2022-02-14,935,24.27,295.0,139.5,89.72,210.04,152.49,386.97,7.24,135.53,47.58,89.86,1870.2948
2022-02-11,936,23.95,295.04,141.44,92.0,212.3,153.92,396.19,7.29,134.28,47.63,89.76,1859.9591
2022-02-10,937,25.82,302.38,144.68,89.89,218.75,155.95,385.43,7.23,138.62,48.86,91.02,1826.5701
2022-02-09,938,26.7,311.21,138.16,88.84,215.86,156.6,394.54,7.06,141.59,49.91,88.12,1832.4255
2022-02-08,939,25.11,304.56,136.6,88.49,213.27,155.95,396.04,7.18,139.4,48.81,84.12,1825.4849
2022-02-07,940,24.73,300.95,135.6,89.63,211.92,153.07,392.34,7.11,139.2,48.18,80.87,1820.31
2022-02-04,941,24.32,305.94,132.84,86.7,206.45,152.56,389.33,7.21,143.29,48.01,81.17,1807.494
2022-02-03,942,23.95,301.25,136.82,85.09,206.39,148.7,389.7,7.01,143.09,48.28,81.97,1804.4047
2022-02-02,943,25.24,313.46,140.52,86.61,207.52,149.94,387.34,7.08,148.0,49.51,84.51,1806.4976
2022-02-01,944,24.64,308.76,140.94,86.55,208.34,151.15,387.01,6.93,137.64,48.95,81.45,1800.6519
2022-01-31,945,24.49,310.98,139.88,82.97,200.24,148.6,389.13,7.2,135.3,48.82,82.27,1796.4686
2022-01-28,946,22.84,308.26,138.34,81.41,190.57,146.61,393.15,7.17,133.35,47.73,79.27,1791.0336
2022-01-27,947,21.94,299.84,140.5,81.98,189.75,145.31,389.08,7.13,129.0,48.05,78.72,1796.51
2022-01-26,948,22.77,296.71,141.24,81.3,194.27,147.92,391.24,7.07,129.23,51.69,81.97,1818.1171
2022-01-25,949,22.32,288.49,138.52,81.16,204.1,146.53,387.17,7.13,126.94,51.0,80.72,1847.56
2022-01-24,950,23.37,296.37,137.44,78.59,204.2,144.95,373.33,7.18,130.8,51.94,82.95,1843.06
2022-01-21,951,23.37,296.03,144.52,79.29,205.44,145.08,371.2,7.15,130.35,52.04,81.93,1833.2386
2022-01-20,952,24.15,301.6,146.9,81.41,214.19,147.66,375.13,7.37,133.31,52.04,85.07,1838.36
2022-01-19,953,25.07,303.33,144.34,84.21,217.08,148.93,377.33,7.35,135.12,53.62,90.0,1839.96
2022-01-18,954,25.9,302.65,142.6,85.64,225.01,151.27,376.54,7.25,136.0,54.76,92.87,1813.5367
2022-01-14,955,26.94,310.2,145.86,85.2,225.96,157.89,372.62,7.38,139.48,55.7,97.36,1817.219
2022-01-13,956,26.57,304.8,151.5,83.36,223.9,168.23,365.18,7.35,138.59,54.94,95.62,1822.0876
2022-01-12,957,28.0,318.27,152.22,84.37,217.45,168.44,361.3,7.27,141.43,55.74,95.11,1825.3195
2022-01-11,958,27.82,314.98,150.3,83.85,216.02,167.49,364.14,7.57,139.74,55.91,94.2,1822.01
2022-01-10,959,27.4,314.27,147.88,81.03,209.31,167.32,363.25,7.18,138.67,55.21,93.89,1801.4054
2022-01-07,960,27.25,314.04,152.16,81.0,215.5,167.16,360.14,7.57,137.02,53.44,94.45,1795.6321
2022-01-06,961,28.18,313.88,154.16,80.16,211.34,165.52,358.0,7.45,137.75,54.01,95.65,1788.6758
2022-01-05,962,27.6,316.38,157.96,78.2,213.07,163.78,358.14,7.45,137.78,53.87,94.4,1809.5342
2022-01-04,963,29.29,329.01,155.42,78.51,213.63,167.83,361.99,7.51,144.4,53.14,96.34,1814.56
2022-01-03,964,30.12,334.75,153.72,77.14,207.86,161.7,354.36,7.46,144.99,53.21,95.75,1800.8488
2021-12-31,965,29.41,336.32,0.0,75.11,201.32,158.35,355.41,7.81,144.85,51.5,93.15,1828.3903
2021-12-30,966,29.59,339.32,152.68,74.28,202.71,158.48,353.58,7.73,146.2,51.74,93.89,1815.0109
2021-12-29,967,30.0,341.95,151.78,74.65,203.66,158.56,354.27,7.32,146.66,51.83,96.17,1803.66
2021-12-28,968,30.32,341.25,152.82,74.5,206.13,158.64,353.75,7.13,146.69,51.76,92.94,1805.3657
2021-12-27,969,30.95,342.45,150.8,73.13,203.17,158.16,350.28,7.29,147.91,51.94,94.43,1810.9
2021-12-23,970,29.64,334.69,150.22,71.73,204.22,157.26,347.02,7.38,146.92,51.31,94.42,1807.91
2021-12-22,971,29.4,333.2,147.64,71.3,201.69,156.7,343.14,7.41,146.41,50.97,90.34,1803.3954
2021-12-21,972,29.07,327.29,146.58,71.32,199.52,156.09,340.77,7.28,143.47,50.77,90.68,1788.3604
2021-12-20,973,27.72,319.91,144.68,68.69,188.48,153.94,337.42,7.41,141.61,49.6,82.03,1789.318
2021-12-17,974,27.8,323.8,147.9,68.69,192.63,156.76,344.14,7.37,141.72,50.62,83.0,1797.682
2021-12-16,975,28.39,324.9,150.0,68.75,190.79,160.41,344.84,7.45,144.44,50.83,82.69,1799.0272
2021-12-15,976,30.46,334.65,148.56,68.24,195.43,157.94,344.42,7.43,146.44,50.67,85.66,1777.06
2021-12-14,977,28.34,328.34,147.32,68.19,195.5,159.13,345.64,7.49,143.91,49.7,83.29,1770.1758
2021-12-13,978,28.16,339.4,150.56,68.22,197.4,157.92,345.55,7.65,145.83,50.0,84.35,1786.9432
2021-12-10,979,30.2,342.54,151.04,70.85,205.06,159.82,344.88,7.74,148.0,50.59,85.54,1782.51
2021-12-09,980,30.49,333.1,151.02,70.31,207.56,160.46,343.6,7.68,147.64,50.48,84.93,1774.46
2021-12-08,981,31.83,334.97,151.6,70.72,211.03,160.71,341.08,7.71,148.19,51.75,86.02,1782.06
2021-12-07,982,32.43,334.92,153.1,71.63,208.83,162.57,339.17,7.88,147.27,52.57,85.83,1784.042
2021-12-06,983,30.04,326.19,149.34,70.41,205.88,160.16,339.96,7.96,143.16,50.99,82.45,1778.1078
2021-12-03,984,30.69,323.01,146.54,69.71,198.49,158.29,333.81,7.7,142.0,49.25,81.62,1783.7361
2021-12-02,985,32.13,329.49,147.8,71.17,202.38,161.21,330.53,7.74,142.97,49.5,82.88,1768.6353
2021-12-01,986,31.43,330.08,148.02,67.31,188.19,157.89,328.42,7.65,141.05,48.6,85.15,1782.66
2021-11-30,987,32.68,330.59,141.28,66.94,197.85,158.83,333.32,7.73,141.9,49.2,84.0,1773.7845
2021-11-29,988,33.38,336.63,144.56,68.17,198.5,161.23,341.23,7.65,145.53,50.0,86.14,1785.01
2021-11-26,989,31.5,329.68,145.24,68.01,199.21,161.93,342.72,7.89,142.18,48.78,83.42,1791.8105
2021-11-24,990,32.67,337.91,151.94,72.95,210.6,166.96,343.58,7.7,146.12,49.76,86.21,1788.5
2021-11-23,991,31.75,337.68,153.34,72.55,209.13,168.28,345.18,7.65,145.78,49.1,85.41,1789.7332
2021-11-22,992,31.96,339.83,155.92,70.65,209.9,164.35,344.98,7.71,146.3,49.83,83.86,1805.04
2021-11-19,993,32.98,343.11,155.2,69.07,214.13,160.92,341.44,7.74,148.93,49.52,83.03,1844.6
2021-11-18,994,31.68,341.27,154.84,72.96,227.25,163.05,342.08,7.58,149.84,49.68,77.02,1858.46
2021-11-17,995,29.26,339.12,154.74,73.45,226.62,164.47,341.99,7.77,148.05,50.23,75.46,1866.96
2021-11-16,996,30.2,339.51,153.6,77.94,225.8,165.36,340.37,7.83,147.88,50.61,76.81,1849.91
2021-11-15,997,30.02,336.07,150.06,77.35,233.09,166.56,340.92,8.06,148.45,50.32,76.78,1862.4591
2021-11-12,998,30.39,336.72,148.4,76.58,220.96,166.86,339.06,7.77,148.68,50.31,77.3,1864.0441
2021-11-11,999,30.39,332.43,151.16,77.22,219.38,167.61,335.89,7.92,145.77,50.53,74.55,1861.5244
2021-11-10,1000,29.46,330.8,146.96,76.86,218.5,167.62,337.63,7.86,145.89,50.76,73.41,1849.5686
