Date,DÃ­a,NVDA.O,AAPL.O,LMT,MSFT.O,SIEGn.DE eur,SIEGn.DE Usd,GOOGL.O,INTC.O,EUR=
2025-12-03,1,179.59,284.15,446.8,477.73,228.75,266.95125,319.63,43.76,1.167
2025-12-02,2,181.46,286.19,441.82,490.0,227.3,264.19079000000005,315.81,43.47,1.1623
2025-12-01,3,179.5,280.67,443.54,488.66,226.2,262.6182,314.89,40.01,1.161
2025-11-28,4,177.0,278.85,457.86,492.01,228.3,264.71385,320.18,40.56,1.1595
2025-11-26,5,180.26,277.55,454.16,485.5,228.1,264.45914,319.95,36.81,1.1594
2025-11-25,6,177.82,276.97,452.41,476.99,227.0,262.6163,323.44,35.83,1.1569
2025-11-24,7,182.55,275.92,451.06,474.0,223.0,256.89599999999996,318.58,35.79,1.152
2025-11-21,8,178.88,271.49,460.78,472.12,219.15,252.263565,299.66,34.5,1.1511
2025-11-20,9,180.64,266.25,468.26,478.43,221.1,254.86197,289.45,33.62,1.1527
2025-11-19,10,186.52,268.56,469.91,487.12,218.6,252.17695999999998,292.81,35.11,1.1536
2025-11-18,11,181.36,267.44,474.72,493.79,218.15,252.59588499999998,284.28,34.33,1.1579
2025-11-17,12,186.6,267.46,470.78,507.49,223.0,258.457,285.02,34.71,1.159
2025-11-14,13,190.17,272.41,465.77,510.18,230.35,267.6667,276.41,35.52,1.162
2025-11-13,14,186.86,272.95,455.85,503.29,227.0,264.0237,278.57,35.91,1.1631
2025-11-12,15,193.8,273.47,457.04,511.14,250.4,290.26368,286.71,37.89,1.1592
2025-11-11,16,193.16,275.25,457.07,508.68,247.4,286.4892,291.31,37.88,1.158
2025-11-10,17,199.05,269.43,452.1,506.0,245.7,283.93091999999996,290.1,38.45,1.1556
2025-11-07,18,188.15,268.47,458.35,496.82,237.3,274.43745,278.83,38.13,1.1565
2025-11-06,19,188.08,269.77,468.92,497.1,241.6,278.97552,284.75,37.24,1.1547
2025-11-05,20,195.21,270.14,473.14,507.16,245.0,281.5295,284.31,38.38,1.1491
2025-11-04,21,198.69,270.04,484.98,514.33,244.2,280.39044,277.54,37.03,1.1482
2025-11-03,22,206.88,269.05,487.94,517.03,247.2,284.72495999999995,283.72,39.5,1.1518
2025-10-31,23,202.49,270.37,491.88,517.81,245.55,283.21737,281.19,39.99,1.1534
2025-10-30,24,202.89,271.4,489.72,525.76,247.0,285.6555,281.48,40.16,1.1565
2025-10-29,25,207.04,269.7,485.33,541.55,245.75,285.04542499999997,274.57,41.34,1.1599
2025-10-28,26,201.03,269.0,485.77,542.07,246.25,286.88125,267.47,41.53,1.165
2025-10-27,27,191.49,268.81,486.91,531.52,246.8,287.34924,269.27,39.54,1.1643
2025-10-24,28,186.26,262.82,485.41,523.61,243.6,283.185,259.92,38.28,1.1625
2025-10-23,29,182.16,259.58,488.05,520.56,239.65,278.401405,253.08,38.16,1.1617
2025-10-22,30,180.28,258.45,487.14,520.54,242.0,280.962,251.69,36.92,1.161
2025-10-21,31,181.16,262.77,489.5,517.66,241.9,280.55562,250.46,38.12,1.1598
2025-10-20,32,182.64,262.24,505.9,516.79,243.2,283.0848,256.55,38.1,1.164
2025-10-17,33,183.22,252.29,495.15,513.58,237.9,277.17729,253.3,37.01,1.1651
2025-10-16,34,181.81,247.45,493.25,511.61,244.25,285.454975,251.46,36.84,1.1687
2025-10-15,35,179.83,249.34,499.41,513.43,240.65,280.26099000000005,251.03,37.15,1.1646
2025-10-14,36,180.03,247.77,505.18,513.57,238.35,276.60517500000003,245.45,35.63,1.1605
2025-10-13,37,188.32,247.66,503.83,514.05,246.1,284.68848,244.15,37.22,1.1568
2025-10-10,38,183.16,245.27,505.05,510.96,242.3,281.50414,236.57,36.37,1.1618
2025-10-09,39,192.57,254.04,507.76,522.4,246.45,284.970135,241.53,37.8,1.1563
2025-10-08,40,189.11,258.06,514.02,524.85,245.25,285.12765,244.62,37.43,1.1626
2025-10-07,41,185.04,256.48,511.07,523.98,242.3,282.40065,245.76,37.17,1.1655
2025-10-06,42,185.54,256.69,514.24,528.57,243.25,284.82142500000003,250.43,36.59,1.1709
2025-10-03,43,187.62,258.02,504.49,517.35,241.2,283.19291999999996,245.35,36.83,1.1741
2025-10-02,44,188.89,257.13,499.36,515.74,241.2,282.54168,245.69,37.3,1.1714
2025-10-01,45,187.24,255.45,499.0,519.71,231.45,271.467705,244.9,35.94,1.1729
2025-09-30,46,186.58,254.63,499.21,517.95,229.2,268.92036,243.1,33.55,1.1733
2025-09-29,47,181.85,254.43,491.98,514.6,226.2,265.2195,244.05,34.48,1.1725
2025-09-26,48,178.19,255.46,487.44,511.46,228.75,267.660375,246.54,35.5,1.1701
2025-09-25,49,177.69,256.87,484.34,507.03,223.8,261.0627,245.79,33.99,1.1665
2025-09-24,50,176.97,252.31,486.25,510.15,226.35,265.666995,247.14,31.22,1.1737
2025-09-23,51,178.43,254.43,486.67,509.23,229.0,270.5635,251.66,29.34,1.1815
2025-09-22,52,183.61,256.08,480.39,514.45,227.05,267.96441,252.53,28.76,1.1802
2025-09-19,53,176.67,245.5,472.94,517.93,228.4,268.23296000000005,254.72,29.58,1.1744
2025-09-18,54,176.24,237.88,473.62,508.45,228.0,268.7208,252.03,30.57,1.1786
2025-09-17,55,170.29,238.99,473.12,510.02,225.25,266.0653,249.53,24.9,1.1812
2025-09-16,56,174.88,238.15,474.32,509.04,226.05,268.23093000000006,251.16,25.27,1.1866
2025-09-15,57,177.75,236.7,473.25,515.36,230.2,270.7152,251.61,24.77,1.176
2025-09-12,58,177.82,234.07,471.31,509.9,228.55,268.157715,240.8,24.08,1.1733
2025-09-11,59,177.17,230.03,470.73,501.01,229.05,268.744365,240.37,24.61,1.1733
2025-09-10,60,177.33,226.79,463.87,500.37,228.4,267.06812,239.17,24.77,1.1693
2025-09-09,61,170.76,234.35,457.06,498.41,228.5,267.4821,239.63,24.44,1.1706
2025-09-08,62,168.31,237.88,459.11,498.2,230.65,271.29053,234.04,24.48,1.1762
2025-09-05,63,167.02,239.69,463.9,495.0,226.0,264.8042,235.0,24.49,1.1717
2025-09-04,64,171.66,239.78,456.85,507.97,230.05,267.985245,232.3,24.61,1.1649
2025-09-03,65,170.62,238.47,449.06,505.35,229.45,267.56164499999994,230.66,24.0,1.1661
2025-09-02,66,170.78,229.72,452.5,505.12,228.7,266.16105999999996,211.35,24.21,1.1638
2025-08-29,67,174.18,232.14,455.63,506.69,236.6,276.44344,212.91,24.35,1.1684
2025-08-28,68,180.17,232.56,456.18,509.64,236.85,276.68816999999996,211.64,24.93,1.1682
2025-08-27,69,181.6,230.49,454.47,506.74,233.0,271.14209999999997,207.48,24.85,1.1637
2025-08-26,70,181.77,229.31,455.46,502.04,234.9,273.47058,207.14,24.35,1.1642
2025-08-25,71,179.81,227.16,447.72,504.26,235.5,273.6039,208.49,24.55,1.1618
2025-08-22,72,177.99,227.76,446.2,507.23,236.9,277.52835,206.09,24.8,1.1715
2025-08-21,73,174.98,224.9,447.2,504.24,233.65,271.15082500000005,199.75,23.5,1.1605
2025-08-20,74,175.4,226.01,446.0,505.72,233.5,272.05085,199.32,23.54,1.1651
2025-08-19,75,175.64,230.56,441.1,509.77,238.25,277.46595,201.57,25.31,1.1646
2025-08-18,76,182.01,230.89,440.64,517.1,233.55,272.3193,203.5,23.66,1.166
2025-08-15,77,180.45,231.59,437.56,520.17,234.25,274.002225,203.9,24.56,1.1697
2025-08-14,78,182.02,232.78,437.32,522.48,233.25,271.64295000000004,202.94,23.86,1.1646
2025-08-13,79,181.59,233.33,442.57,520.58,230.25,269.4846,201.96,22.22,1.1704
2025-08-12,80,183.16,229.65,431.56,529.24,231.1,269.76303,203.34,21.81,1.1673
2025-08-11,81,182.06,227.18,426.26,521.77,228.05,264.85727,201.0,20.65,1.1614
2025-08-08,82,182.7,229.35,425.63,522.04,232.4,270.49036,201.42,19.95,1.1639
2025-08-07,83,180.77,220.03,430.75,520.84,227.1,264.91215,196.52,19.77,1.1665
2025-08-06,84,179.42,213.25,434.85,524.94,219.0,255.3321,196.09,20.41,1.1659
2025-08-05,85,178.26,202.92,428.24,527.75,218.8,253.23912,194.67,20.19,1.1574
2025-08-04,86,180.0,203.35,423.7,535.64,216.8,250.8376,195.04,19.5,1.157
2025-08-01,87,173.72,202.38,421.01,524.11,212.95,246.68128000000002,189.13,19.31,1.1584
2025-07-31,88,177.87,207.57,420.98,533.5,224.9,256.72335,191.9,19.8,1.1415
2025-07-30,89,179.27,209.05,418.68,513.24,228.95,261.09458,196.53,20.34,1.1404
2025-07-29,90,175.51,211.27,420.13,512.57,227.05,262.129225,195.75,20.41,1.1545
2025-07-28,91,176.75,214.05,421.34,512.5,225.65,261.48322,192.58,20.68,1.1588
2025-07-25,92,173.5,213.88,421.17,513.71,227.3,266.8502,193.18,20.7,1.174
2025-07-24,93,173.74,213.76,420.55,510.88,227.25,267.10965,192.17,22.63,1.1754
2025-07-23,94,170.78,214.15,419.39,505.87,227.7,268.0029,190.23,23.49,1.177
2025-07-22,95,167.03,214.4,410.74,505.27,220.35,258.977355,191.34,23.24,1.1753
2025-07-21,96,171.38,212.48,460.53,510.06,224.55,262.611225,190.1,23.26,1.1695
2025-07-18,97,172.41,211.18,463.96,510.05,224.2,260.6325,185.06,23.1,1.1625
2025-07-17,98,173.0,210.02,469.2,511.7,226.0,262.04699999999997,183.58,22.8,1.1595
2025-07-16,99,171.37,210.16,471.47,505.62,217.15,252.63231000000002,182.97,22.69,1.1634
2025-07-15,100,170.7,209.11,470.12,505.82,218.3,253.20617,182.0,22.92,1.1599
2025-07-14,101,164.07,208.62,473.57,503.02,220.3,256.93589,181.56,23.3,1.1663
2025-07-11,102,164.92,211.16,467.51,503.32,223.05,260.72314500000005,180.19,23.43,1.1689
2025-07-10,103,164.1,212.41,464.31,501.48,226.8,265.356,177.62,23.82,1.17
2025-07-09,104,162.88,211.14,463.06,503.51,225.5,264.26345,176.62,23.44,1.1719
2025-07-08,105,160.0,210.01,463.01,496.62,217.05,254.46942000000004,174.36,23.59,1.1724
2025-07-07,106,158.24,209.95,469.06,497.72,218.35,255.622345,176.79,22.0,1.1707
2025-07-03,107,159.34,213.55,462.52,498.84,221.3,260.16028,179.53,22.49,1.1756
2025-07-02,108,157.25,212.44,462.55,491.09,219.5,258.9661,178.64,21.88,1.1798
2025-07-01,109,153.3,207.82,465.94,492.05,215.65,254.57482500000003,175.84,22.85,1.1805
2025-06-30,110,157.99,205.17,463.14,497.41,217.65,256.52229000000005,176.23,22.4,1.1786
2025-06-27,111,157.75,201.08,458.59,495.94,222.75,261.040725,178.53,22.69,1.1719
2025-06-26,112,155.02,201.0,457.9,497.45,214.85,251.35301499999997,173.54,22.5,1.1699
2025-06-25,113,154.31,201.56,458.39,492.27,213.6,249.03624,170.68,22.2,1.1659
2025-06-24,114,147.9,200.3,460.2,490.11,214.5,248.9916,166.77,22.55,1.1608
2025-06-23,115,144.17,201.5,472.46,486.0,208.8,241.70688,165.19,21.19,1.1576
2025-06-20,116,143.85,201.0,470.56,477.4,209.3,241.15545999999998,166.64,21.08,1.1522
2025-06-18,117,145.48,196.58,468.6,480.24,211.05,242.264295,173.32,21.49,1.1479
2025-06-17,118,144.12,195.64,479.34,478.04,214.0,245.6506,175.95,20.8,1.1479
2025-06-16,119,144.69,198.42,467.06,479.14,216.0,249.71759999999998,176.77,20.74,1.1561
2025-06-13,120,141.97,196.45,486.45,474.96,214.95,248.31024,174.67,20.14,1.1552
2025-06-12,121,145.0,199.2,469.27,478.87,217.35,251.756505,175.7,20.77,1.1583
2025-06-11,122,142.83,198.78,456.6,472.62,219.7,252.36939,177.35,20.68,1.1487
2025-06-10,123,143.96,202.67,476.9,470.92,219.05,250.22081500000004,178.6,22.08,1.1423
2025-06-09,124,142.63,201.45,480.83,472.75,219.3,250.4406,176.09,20.48,1.142
2025-06-06,125,141.72,203.92,481.69,470.38,218.8,249.30072,173.68,20.06,1.1394
2025-06-05,126,139.99,200.63,478.03,467.68,219.25,250.90970000000002,168.21,19.99,1.1444
2025-06-04,127,141.92,202.82,482.21,463.87,218.05,248.947685,168.05,20.25,1.1417
2025-06-03,128,141.22,203.27,480.17,462.97,214.05,243.37485,166.18,20.29,1.137
2025-06-02,129,137.38,201.7,478.82,461.97,213.65,244.436965,169.03,19.74,1.1441
2025-05-30,130,135.13,200.85,482.38,460.36,211.8,240.32946,171.74,19.55,1.1347
2025-05-29,131,139.19,199.95,473.69,458.68,212.6,241.74746,171.86,20.25,1.1371
2025-05-28,132,134.81,200.42,469.98,457.36,217.5,245.601,172.36,20.37,1.1292
2025-05-27,133,135.5,200.21,476.85,460.69,221.0,250.3488,172.9,20.55,1.1328
2025-05-23,134,131.29,195.27,468.88,450.18,212.3,241.25772000000003,168.47,20.05,1.1364
2025-05-22,135,132.83,201.36,470.45,454.86,217.1,244.88879999999997,170.87,20.55,1.128
2025-05-21,136,131.8,202.09,470.28,452.57,221.0,250.3709,168.56,20.69,1.1329
2025-05-20,137,134.38,206.86,475.82,458.17,222.25,250.74245000000002,163.98,21.27,1.1282
2025-05-19,138,135.57,208.78,473.06,458.87,221.8,249.34756000000004,166.54,21.38,1.1242
2025-05-16,139,135.4,211.26,468.32,454.27,219.95,245.530185,166.19,21.66,1.1163
2025-05-15,140,134.83,211.45,465.14,453.13,221.85,248.183595,163.96,21.55,1.1187
2025-05-14,141,135.34,212.33,449.18,452.94,224.05,250.35347,165.37,21.52,1.1174
2025-05-13,142,129.93,212.93,459.83,449.14,225.15,251.80776000000003,159.53,22.56,1.1184
2025-05-12,143,123.0,210.79,473.16,449.26,221.75,245.854225,158.46,22.18,1.1087
2025-05-09,144,116.65,198.53,473.52,438.73,214.05,240.74203500000002,152.75,21.42,1.1247
2025-05-08,145,117.37,197.49,474.53,438.17,213.2,239.35963999999998,154.28,21.0,1.1227
2025-05-07,146,117.06,196.25,471.32,433.35,209.15,236.31858499999998,151.38,20.31,1.1299
2025-05-06,147,113.54,198.51,468.21,433.31,208.95,237.53436,163.23,19.94,1.1368
2025-05-05,148,113.82,198.89,471.56,436.17,211.25,239.00825,164.21,20.27,1.1314
2025-05-02,149,114.5,205.35,472.8,435.28,209.8,236.9691,164.03,20.62,1.1295
2025-05-01,150,111.61,213.32,477.72,425.4,201.95,228.02174499999998,161.3,19.98,1.1291
2025-04-30,151,108.92,212.5,477.75,395.26,201.95,228.748765,158.8,20.1,1.1327
2025-04-29,152,109.02,211.21,475.88,394.04,202.25,230.261625,160.16,20.34,1.1385
2025-04-28,153,108.73,210.14,476.29,391.16,205.05,234.187605,160.61,20.51,1.1421
2025-04-25,154,111.01,209.28,477.64,391.85,206.8,235.00752000000003,161.96,20.05,1.1364
2025-04-24,155,106.43,208.37,466.81,387.3,200.65,228.50022,159.28,21.49,1.1388
2025-04-23,156,102.71,204.6,463.55,374.39,196.5,222.30044999999998,155.35,20.59,1.1313
2025-04-22,157,98.89,199.74,462.08,366.82,189.32,216.20343999999997,151.47,19.51,1.142
2025-04-21,158,96.91,193.16,458.33,359.12,187.02,215.316126,147.67,18.84,1.1513
2025-04-17,159,101.49,196.98,464.08,367.78,187.02,212.51082600000004,151.16,18.93,1.1363
2025-04-16,160,104.49,194.27,477.08,371.61,186.14,212.16237199999998,153.33,19.23,1.1398
2025-04-15,161,112.2,202.14,469.58,385.73,185.3,209.03693000000004,156.31,19.85,1.1281
2025-04-14,162,110.71,202.52,475.34,387.81,185.7,210.75092999999998,159.07,20.31,1.1349
2025-04-11,163,110.93,198.15,474.9,388.45,180.68,205.25248,157.14,19.74,1.136
2025-04-10,164,107.57,190.42,463.7,381.35,186.94,209.31671799999998,152.82,19.88,1.1197
2025-04-09,165,114.33,198.85,462.24,390.49,177.16,194.007916,158.71,21.53,1.0951
2025-04-08,166,96.3,172.42,443.36,354.56,182.74,200.209944,144.7,18.13,1.0956
2025-04-07,167,97.64,181.46,430.82,357.86,176.6,192.56464,146.75,19.57,1.0904
2025-04-04,168,94.31,188.38,432.15,359.84,185.62,203.34671,145.6,19.85,1.0955
2025-04-03,169,101.8,203.19,454.78,373.11,197.48,218.2154,150.72,22.43,1.105
2025-04-02,170,110.42,223.89,452.87,382.14,214.75,233.111125,157.04,21.98,1.0855
2025-04-01,171,110.15,223.19,448.64,382.19,214.75,231.779675,157.07,22.05,1.0793
2025-03-31,172,108.38,222.13,446.71,375.39,211.9,229.21223000000003,154.64,22.71,1.0817
2025-03-28,173,109.67,217.9,441.49,378.8,216.0,233.8632,154.33,22.71,1.0827
2025-03-27,174,111.43,223.85,442.28,390.58,221.55,239.29615500000003,162.24,23.62,1.0801
2025-03-26,175,113.76,221.53,445.17,389.97,224.5,241.3824,165.06,23.42,1.0752
2025-03-25,176,120.69,223.75,442.07,395.16,228.9,247.00599,170.56,24.2,1.0791
2025-03-24,177,121.41,220.73,434.98,393.08,225.35,243.37800000000001,167.68,24.22,1.08
2025-03-21,178,117.7,218.27,439.7,391.26,228.85,247.47838999999996,163.99,24.26,1.0814
2025-03-20,179,118.53,214.1,466.74,386.84,234.45,254.401695,162.8,23.96,1.0851
2025-03-19,180,117.52,215.24,470.55,387.82,236.7,258.02667,163.89,24.12,1.0901
2025-03-18,181,115.43,212.69,469.28,383.52,237.0,259.3491,160.67,25.92,1.0943
2025-03-17,182,119.53,214.0,467.61,388.7,234.3,255.87903000000003,164.29,25.69,1.0921
2025-03-14,183,121.67,213.49,466.17,388.56,231.75,252.12082500000002,165.49,24.05,1.0879
2025-03-13,184,115.58,209.68,467.93,378.77,226.5,245.7978,162.76,23.7,1.0852
2025-03-12,185,115.74,216.98,461.5,383.27,226.85,246.94890999999998,167.11,20.68,1.0886
2025-03-11,186,108.76,220.84,468.88,380.45,223.2,243.68976,164.04,19.78,1.0918
2025-03-10,187,106.98,227.48,479.17,380.16,228.4,247.40287999999998,165.87,19.93,1.0832
2025-03-07,188,112.69,239.07,473.65,393.31,234.3,253.79376,173.86,20.64,1.0832
2025-03-06,189,110.57,235.33,461.5,396.89,243.0,262.0269,172.35,20.75,1.0783
2025-03-05,190,117.3,235.74,460.42,401.02,231.55,249.84245,173.02,20.81,1.079
2025-03-04,191,115.99,235.93,448.82,388.61,213.3,226.60992000000002,170.92,21.33,1.0624
2025-03-03,192,114.06,238.03,451.94,388.49,225.95,236.93116999999998,167.01,22.74,1.0486
2025-02-28,193,124.92,241.84,450.37,396.99,221.2,229.495,170.28,23.73,1.0375
2025-02-27,194,120.15,237.3,446.46,392.53,220.6,229.35782,168.5,23.09,1.0397
2025-02-26,195,131.28,240.36,441.5,399.73,223.45,234.24263499999998,172.73,23.52,1.0483
2025-02-25,196,126.63,247.04,448.46,397.9,216.6,227.71157999999997,175.42,22.99,1.0513
2025-02-24,197,130.28,247.1,440.27,404.0,218.1,228.26345999999998,179.25,24.27,1.0466
2025-02-21,198,134.43,245.55,440.72,408.21,221.45,231.59241,179.66,24.87,1.0458
2025-02-20,199,140.11,245.83,436.29,416.13,221.25,232.3125,184.56,26.09,1.05
2025-02-19,200,139.23,244.87,432.95,414.77,220.35,229.626735,185.27,25.72,1.0421
2025-02-18,201,139.4,244.47,428.54,409.64,226.2,236.2659,183.77,27.39,1.0445
2025-02-14,202,138.85,244.6,423.19,408.43,225.2,236.25731999999996,185.23,23.6,1.0491
2025-02-13,203,135.29,241.53,434.72,410.54,227.45,238.00367999999997,186.14,24.13,1.0464
2025-02-12,204,131.14,236.87,441.97,409.04,212.05,220.15031000000002,183.61,22.48,1.0382
2025-02-11,205,132.8,232.62,449.36,411.44,214.9,222.6364,185.32,20.97,1.036
2025-02-10,206,133.57,227.65,448.22,412.22,211.15,217.61119,186.47,19.77,1.0306
2025-02-07,207,129.84,227.63,444.39,409.75,207.45,214.233615,185.34,19.1,1.0327
2025-02-06,208,128.68,233.22,448.52,415.82,208.05,215.976705,191.6,19.38,1.0381
2025-02-05,209,124.83,232.47,449.87,413.29,201.25,209.34025,191.33,19.65,1.0402
2025-02-04,210,118.65,232.8,453.68,412.37,201.85,209.459745,206.38,19.29,1.0377
2025-02-03,211,116.66,228.01,455.42,410.92,202.1,209.05223999999998,201.23,19.38,1.0344
2025-01-31,212,120.07,236.0,462.95,415.06,207.45,214.95969,204.02,19.43,1.0362
2025-01-30,213,124.65,237.59,459.65,414.99,205.15,213.15085,200.87,20.01,1.039
2025-01-29,214,123.7,239.36,454.36,442.33,203.35,211.8907,195.41,19.75,1.042
2025-01-28,215,128.99,238.26,457.45,447.2,200.05,208.61214,195.3,19.8,1.0428
2025-01-27,216,118.42,229.86,503.69,434.56,201.4,211.28874,191.81,20.29,1.0491
2025-01-24,217,142.62,222.78,496.96,444.06,208.45,218.72658499999997,200.21,20.83,1.0493
2025-01-23,218,147.22,223.66,497.28,446.71,209.0,217.67350000000002,197.98,21.57,1.0415
2025-01-22,219,147.07,223.83,499.34,446.2,207.15,215.581005,198.37,21.86,1.0407
2025-01-21,220,140.83,222.64,506.29,428.5,204.15,212.90803499999998,198.05,21.77,1.0429
2025-01-17,221,137.71,229.98,490.32,429.03,200.85,206.29303499999997,196.0,21.49,1.0271
2025-01-16,222,133.57,228.26,486.86,424.58,195.16,200.97576800000002,192.91,19.67,1.0298
2025-01-15,223,136.24,237.87,483.97,426.31,195.58,201.232262,195.55,19.72,1.0289
2025-01-14,224,131.76,233.28,484.46,415.67,193.96,199.914572,189.66,19.2,1.0307
2025-01-13,225,133.23,234.4,483.16,417.19,193.18,197.893592,191.01,19.2,1.0244
2025-01-10,226,135.91,236.85,468.05,418.95,194.5,199.2458,192.04,19.15,1.0244
2025-01-08,227,140.11,242.7,468.85,424.56,195.64,201.86135199999998,193.95,19.88,1.0318
2025-01-07,228,140.14,242.21,463.96,422.37,193.54,200.101006,195.49,20.01,1.0339
2025-01-06,229,149.43,245.0,466.0,427.85,193.08,200.61012,196.87,19.87,1.039
2025-01-03,230,144.47,243.36,481.82,423.35,186.78,192.53282399999998,191.79,20.56,1.0308
2025-01-02,231,138.31,243.85,482.25,418.58,189.12,194.13168,189.43,20.22,1.0265
2024-12-31,232,134.29,250.42,485.94,421.5,188.56,195.216168,189.3,20.05,1.0353
2024-12-30,233,137.49,252.2,483.37,424.83,188.56,196.23439199999999,191.24,19.82,1.0407
2024-12-27,234,137.01,255.59,488.97,430.53,189.6,197.69591999999997,192.76,20.3,1.0427
2024-12-26,235,139.93,259.02,489.98,438.11,188.98,196.95495599999998,195.6,20.44,1.0422
2024-12-24,236,140.22,258.2,488.13,439.33,188.98,196.482506,196.11,20.4,1.0397
2024-12-23,237,139.67,255.27,486.49,435.25,188.98,196.63368999999997,194.63,20.2,1.0405
2024-12-20,238,134.7,254.49,489.02,436.6,189.26,197.37925399999997,191.41,19.52,1.0429
2024-12-19,239,130.68,249.79,479.66,437.03,189.44,196.297728,188.51,19.06,1.0362
2024-12-18,240,128.91,248.05,482.94,437.39,194.72,201.574144,188.4,19.3,1.0352
2024-12-17,241,130.39,253.48,490.61,454.46,192.92,202.35378799999998,195.42,20.44,1.0489
2024-12-16,242,132.0,251.04,491.65,451.59,190.32,200.02631999999997,196.66,20.83,1.051
2024-12-13,243,134.25,248.13,494.65,447.27,191.38,200.987276,189.82,20.34,1.0502
2024-12-12,244,137.34,247.96,496.58,449.56,194.0,203.0598,191.96,20.78,1.0467
2024-12-11,245,139.31,246.49,504.24,448.99,195.52,205.17868800000002,195.4,20.12,1.0494
2024-12-10,246,135.07,247.77,512.94,443.33,192.88,203.025488,185.17,20.16,1.0526
2024-12-09,247,138.81,246.75,510.01,446.02,194.14,204.85652799999997,175.37,20.81,1.0552
2024-12-06,248,142.44,242.84,513.03,443.57,193.7,204.70216,174.71,20.92,1.0568
2024-12-05,249,145.06,243.04,517.48,442.62,193.06,204.373316,172.64,20.8,1.0586
2024-12-04,250,145.14,243.01,517.5,437.42,191.9,201.68689999999998,174.37,21.96,1.051
2024-12-03,251,140.26,242.65,517.0,431.2,190.2,199.88117999999997,171.34,22.47,1.0509
2024-12-02,252,138.63,239.59,520.34,430.98,188.12,197.46956400000002,171.49,23.93,1.0497
2024-11-29,253,138.25,237.33,529.41,423.46,183.16,193.69170000000003,168.95,24.05,1.0575
2024-11-27,254,135.34,234.93,525.75,422.99,178.98,189.074472,169.23,23.65,1.0564
2024-11-26,255,136.92,235.06,521.45,427.99,180.32,189.083552,169.12,24.05,1.0486
2024-11-25,256,136.02,232.87,521.89,418.79,180.82,189.752508,167.65,24.87,1.0494
2024-11-22,257,141.95,229.87,542.22,417.0,177.56,184.96425200000002,164.76,24.5,1.0417
2024-11-21,258,146.67,228.52,542.01,412.87,176.0,184.32479999999998,167.63,24.44,1.0473
2024-11-20,259,145.89,229.0,534.73,415.49,176.56,186.147208,175.98,24.01,1.0543
2024-11-19,260,147.01,228.28,533.26,417.79,177.84,188.42148000000003,178.12,24.2,1.0595
2024-11-18,261,140.15,228.02,530.96,415.76,184.0,195.0216,175.3,24.84,1.0599
2024-11-15,262,141.98,225.0,534.83,415.0,187.4,197.53834,172.49,24.35,1.0541
2024-11-14,263,146.76,228.22,538.99,426.89,188.2,198.17459999999997,175.58,25.03,1.053
2024-11-13,264,146.27,225.12,557.73,425.2,179.4,189.50022,178.88,24.92,1.0563
2024-11-12,265,148.29,224.23,565.96,423.03,177.94,189.025662,181.62,24.16,1.0623
2024-11-11,266,145.26,224.23,570.58,418.01,185.84,197.993936,180.35,25.05,1.0654
2024-11-08,267,147.63,226.96,564.56,422.54,183.08,196.22514400000003,178.35,26.2,1.0718
2024-11-07,268,148.88,227.48,551.84,425.43,187.98,203.093592,180.75,26.23,1.0804
2024-11-06,269,145.61,222.72,551.82,420.18,184.1,197.50248,176.51,25.05,1.0728
2024-11-05,270,139.91,223.45,546.75,411.46,184.0,201.112,169.74,23.32,1.093
2024-11-04,271,136.05,222.01,543.1,408.46,181.3,197.20001,169.24,22.52,1.0877
2024-11-01,272,135.4,222.91,545.35,410.37,181.52,196.658768,171.29,23.2,1.0834
2024-10-31,273,132.76,225.91,546.05,406.35,178.4,194.15272000000002,171.11,21.52,1.0883
2024-10-30,274,139.34,230.1,545.94,432.53,179.48,194.82553999999996,174.46,22.3,1.0855
2024-10-29,275,141.25,233.67,546.8,431.95,181.06,195.870708,169.68,22.9,1.0818
2024-10-28,276,140.52,233.4,555.17,426.59,181.84,196.60540799999998,166.72,22.92,1.0812
2024-10-25,277,141.54,231.41,562.29,428.15,180.42,194.72730599999997,165.27,22.68,1.0793
2024-10-24,278,140.41,230.57,564.21,424.73,179.46,194.301342,162.72,22.34,1.0827
2024-10-23,279,139.56,230.76,571.1,424.6,181.2,195.35172,162.78,21.98,1.0781
2024-10-22,280,143.59,235.86,576.98,427.51,183.5,198.12495,165.14,22.4,1.0797
2024-10-21,281,143.71,236.48,614.61,418.78,185.1,200.18564999999998,164.07,22.84,1.0815
2024-10-18,282,138.0,235.0,611.81,418.16,185.6,201.67296,163.42,22.77,1.0866
2024-10-17,283,136.93,232.15,609.62,416.72,184.28,199.59366799999998,162.93,22.44,1.0831
2024-10-16,284,135.72,231.78,612.83,416.12,181.0,196.5841,165.16,22.31,1.0861
2024-10-15,285,131.6,233.85,605.0,418.74,182.84,199.11276,165.46,22.66,1.089
2024-10-14,286,138.07,231.3,610.87,419.14,185.26,202.100134,164.96,23.44,1.0909
2024-10-11,287,134.8,227.55,604.17,416.32,185.84,203.25320799999997,163.24,23.56,1.0937
2024-10-10,288,134.81,229.04,597.49,415.84,183.36,200.50416,162.08,23.22,1.0935
2024-10-09,289,132.65,229.54,605.11,417.46,184.46,201.78079400000001,161.86,23.46,1.0939
2024-10-08,290,132.89,225.77,608.05,414.71,180.18,197.83764000000002,164.38,23.32,1.098
2024-10-07,291,127.72,221.69,605.54,409.54,184.38,202.33861199999998,162.98,22.38,1.0974
2024-10-04,292,124.92,226.8,605.13,416.06,182.88,200.729088,167.06,22.59,1.0976
2024-10-03,293,122.85,225.67,605.82,416.54,179.58,198.09469800000002,165.86,22.26,1.1031
2024-10-02,294,118.85,226.78,603.2,417.13,180.62,199.49479000000002,165.86,22.39,1.1045
2024-10-01,295,117.0,226.21,605.86,420.69,179.86,199.05106200000003,166.99,22.69,1.1067
2024-09-30,296,121.44,233.0,584.56,430.3,181.34,201.903956,165.85,23.46,1.1134
2024-09-27,297,121.4,227.79,582.36,428.02,182.86,204.12661800000004,163.95,23.91,1.1163
2024-09-26,298,124.04,227.52,577.4,431.31,181.74,203.112624,162.73,23.92,1.1176
2024-09-25,299,123.51,226.37,577.94,432.11,172.54,192.07152799999997,161.49,23.54,1.1132
2024-09-24,300,120.87,227.37,578.63,429.17,170.34,190.44012000000004,162.29,22.81,1.118
2024-09-23,301,116.26,226.47,580.51,433.51,167.5,186.126,161.85,22.56,1.1112
2024-09-20,302,116.0,228.2,571.92,435.27,166.66,186.025892,163.59,21.84,1.1162
2024-09-19,303,117.87,228.87,565.18,438.69,169.92,189.647712,162.14,21.14,1.1161
2024-09-18,304,113.37,220.69,565.49,430.81,165.72,184.24749599999998,159.81,20.77,1.1118
2024-09-17,305,115.59,216.79,567.01,435.15,166.36,184.875868,159.32,21.47,1.1113
2024-09-16,306,116.78,216.32,572.92,431.34,162.9,181.34028,158.06,20.91,1.1132
2024-09-13,307,119.1,222.5,569.91,430.59,164.06,181.712856,157.46,19.66,1.1076
2024-09-12,308,119.14,222.77,568.27,427.0,164.3,181.94582,154.69,19.36,1.1074
2024-09-11,309,116.91,222.66,566.96,423.04,162.14,178.53235399999997,151.16,19.64,1.1011
2024-09-10,310,108.1,220.11,572.19,414.2,162.36,178.90448400000002,148.66,18.98,1.1019
2024-09-09,311,106.47,220.91,576.57,405.72,162.6,179.41284,148.71,19.07,1.1034
2024-09-06,312,102.83,220.82,566.63,401.7,161.14,178.591462,150.92,18.89,1.1083
2024-09-05,313,107.21,222.38,568.59,408.39,165.22,183.55942,157.24,19.4,1.111
2024-09-04,314,106.21,220.85,574.78,408.9,166.72,184.759104,156.45,19.43,1.1082
2024-09-03,315,108.0,222.77,567.22,409.44,168.12,185.65491600000001,157.36,20.1,1.1043
2024-08-30,316,119.37,229.0,568.1,417.14,169.92,187.710624,163.38,22.04,1.1047
2024-08-29,317,117.59,229.79,566.85,413.12,170.22,188.55269399999997,161.78,20.13,1.1077
2024-08-28,318,125.61,226.49,563.98,410.6,168.22,187.06064,162.85,19.61,1.112
2024-08-27,319,128.3,228.03,560.41,413.84,167.12,186.90700800000002,164.68,20.07,1.1184
2024-08-26,320,126.46,227.18,558.1,413.49,167.8,187.28158000000002,166.16,20.13,1.1161
2024-08-23,321,129.37,226.84,555.01,416.79,167.1,186.98489999999998,165.62,20.54,1.119
2024-08-22,322,123.74,224.53,557.03,415.55,164.88,183.214656,163.8,20.1,1.1112
2024-08-21,323,128.5,226.4,553.76,424.14,164.86,183.8189,165.85,21.41,1.115
2024-08-20,324,127.25,226.51,557.01,424.8,163.82,182.33166,167.18,20.99,1.113
2024-08-19,325,130.0,225.89,558.39,421.53,164.26,182.08221,166.67,21.52,1.1085
2024-08-16,326,124.58,226.05,560.13,418.47,163.2,179.97696,162.96,20.87,1.1028
2024-08-15,327,122.86,224.72,560.29,421.03,162.7,178.49817,161.3,20.69,1.0971
2024-08-14,328,118.08,221.72,563.22,416.86,159.3,175.42116000000001,160.37,19.92,1.1012
2024-08-13,329,116.14,221.27,559.42,414.01,158.94,174.70684799999998,164.16,20.47,1.0992
2024-08-12,330,109.02,217.53,556.91,406.81,157.2,171.83531999999997,162.29,19.36,1.0931
2024-08-09,331,104.75,216.24,551.58,406.02,157.18,171.577688,163.67,19.71,1.0916
2024-08-08,332,104.97,213.31,551.62,402.69,159.2,173.81456,162.03,20.49,1.0918
2024-08-07,333,98.91,209.82,548.51,398.43,155.94,170.302074,158.94,18.99,1.0921
2024-08-06,334,104.25,207.23,541.56,399.61,154.0,168.322,158.29,19.83,1.093
2024-08-05,335,100.45,209.27,545.38,395.15,155.14,169.909328,159.25,20.11,1.0952
2024-08-02,336,107.27,219.86,548.77,408.49,157.8,172.12824,166.66,21.48,1.0908
2024-08-01,337,109.21,218.36,548.86,417.11,164.54,177.55511399999997,170.76,29.05,1.0791
2024-07-31,338,117.02,222.08,541.92,418.35,169.42,183.39714999999998,171.54,30.74,1.0825
2024-07-30,339,103.73,218.8,537.66,422.92,168.5,182.23274999999998,170.29,30.13,1.0815
2024-07-29,340,111.59,218.24,527.64,426.73,167.84,181.58609600000003,169.53,30.83,1.0819
2024-07-26,341,113.06,217.96,524.8,425.27,169.82,184.37357400000002,167.0,31.35,1.0857
2024-07-25,342,112.28,217.49,521.4,418.4,168.82,183.068408,167.28,31.1,1.0844
2024-07-24,343,114.25,218.54,515.2,428.9,171.44,185.82381600000002,172.63,31.7,1.0839
2024-07-23,344,122.59,225.01,501.29,444.85,173.62,188.395062,181.79,32.95,1.0851
2024-07-22,345,123.54,223.96,474.59,442.94,173.26,188.662814,181.67,33.37,1.0889
2024-07-19,346,117.93,224.31,474.92,437.11,170.44,185.38758799999997,177.66,32.98,1.0877
2024-07-18,347,121.09,224.18,476.0,440.37,170.52,185.79859199999999,177.69,34.87,1.0896
2024-07-17,348,117.99,228.88,476.07,443.52,178.4,195.11607999999998,181.02,34.46,1.0937
2024-07-16,349,126.36,234.82,468.58,449.52,181.56,197.84593199999998,183.92,34.34,1.0897
2024-07-15,350,128.44,234.4,463.88,453.96,180.88,197.050672,186.53,34.46,1.0894
2024-06-20,351,130.78,209.68,466.34,445.7,170.34,182.2638,176.3,30.62,1.07
2024-06-18,352,135.58,214.29,460.0,446.34,168.44,180.87087200000002,175.09,30.63,1.0738
2024-06-17,353,130.98,216.67,459.01,448.37,168.1,180.43854,177.24,30.98,1.0734
2024-06-14,354,131.88,212.49,458.34,442.57,165.74,177.3418,176.79,30.45,1.07
2024-06-13,355,129.61,214.24,458.56,441.58,170.84,183.39674,175.16,30.46,1.0735
2024-06-12,356,125.2,213.07,459.11,441.06,178.1,192.47267,177.79,30.76,1.0807
2024-06-11,357,120.91,207.15,462.8,432.68,172.46,185.20479400000002,176.62,30.92,1.0739
2024-06-10,358,121.79,193.12,467.46,427.87,174.44,187.749772,175.01,30.91,1.0763
2024-06-07,359,120.89,196.89,470.13,423.85,174.44,188.39520000000002,174.46,30.74,1.08
2024-06-06,360,121.0,194.48,468.62,424.52,175.68,191.280384,176.73,30.42,1.0888
2024-06-05,361,122.44,195.87,465.23,424.01,178.82,194.341576,175.41,30.78,1.0868
2024-06-04,362,116.44,194.35,468.89,416.07,174.28,189.58178400000003,173.79,30.03,1.0878
2024-06-03,363,115.0,194.03,467.6,413.52,178.16,194.230032,173.17,30.29,1.0902
2024-05-31,364,109.63,192.25,470.34,415.13,176.26,191.083466,172.5,30.85,1.0841
2024-05-30,365,110.5,191.29,460.94,414.67,176.12,190.773184,172.11,30.19,1.0832
2024-05-29,366,114.83,190.29,452.72,429.17,175.74,189.7992,175.9,30.13,1.08
2024-05-28,367,113.9,189.99,458.48,430.32,177.26,192.41572999999997,176.4,31.06,1.0855
2024-05-24,368,106.47,189.98,467.35,430.16,177.3,192.28185000000002,174.99,30.72,1.0845
2024-05-23,369,103.8,186.88,467.08,427.0,177.18,191.584734,173.55,30.08,1.0813
2024-05-22,370,94.95,190.9,469.71,430.52,173.7,187.96077,176.38,31.42,1.0821
2024-05-21,371,95.39,192.35,468.31,429.04,173.64,188.46885599999996,177.85,31.74,1.0854
2024-05-20,372,94.78,191.04,467.08,425.34,173.12,187.92175999999998,176.92,32.1,1.0855
2024-05-17,373,92.48,189.87,466.2,420.21,172.56,187.57272,176.06,31.83,1.087
2024-05-16,374,94.36,189.84,464.83,420.99,175.0,190.13750000000002,174.18,32.03,1.0865
2024-05-15,375,94.63,189.72,464.08,423.08,187.7,204.25514,172.51,31.27,1.0882
2024-05-14,376,91.36,187.43,467.18,416.56,185.24,200.39263200000002,170.34,31.05,1.0818
2024-05-13,377,90.4,186.28,470.56,413.72,187.98,202.792824,169.14,30.51,1.0788
2024-05-10,378,89.88,183.05,468.88,414.74,188.4,202.88796,168.65,29.85,1.0769
2024-05-09,379,88.75,184.57,468.39,412.32,184.08,198.45664800000003,169.96,30.09,1.0781
2024-05-08,380,90.41,182.74,466.16,410.54,181.58,195.10771000000003,169.38,30.0,1.0745
2024-05-07,381,90.55,182.4,466.68,409.34,180.14,193.68652799999998,171.25,30.68,1.0752
2024-05-06,382,92.14,181.71,462.78,413.54,179.36,193.134848,168.1,30.97,1.0768
2024-05-03,383,88.79,183.38,461.91,406.66,177.62,191.08359600000003,167.24,30.9,1.0758
2024-05-02,384,85.82,173.03,463.2,397.84,175.2,187.902,166.62,30.51,1.0725
2024-05-01,385,83.04,169.3,461.73,394.94,175.9,188.37131,163.86,30.37,1.0709
2024-04-30,386,86.4,170.33,464.93,389.33,175.9,187.59735,162.78,30.47,1.0665
2024-04-29,387,87.76,173.5,467.55,402.25,177.64,190.412316,166.15,31.36,1.0719
2024-04-26,388,87.73,169.3,461.29,406.32,177.62,189.911304,171.95,31.88,1.0692
2024-04-25,389,82.63,169.89,464.78,399.04,173.7,186.36272999999997,156.0,35.11,1.0729
2024-04-24,390,79.68,169.02,459.14,409.06,174.64,186.812408,159.13,34.5,1.0697
2024-04-23,391,82.42,166.9,460.08,407.57,175.34,187.596266,158.26,34.28,1.0699
2024-04-22,392,79.52,165.84,461.33,400.96,174.02,185.400908,156.28,34.41,1.0654
2024-04-19,393,76.2,165.0,463.87,399.12,172.96,184.271584,154.09,34.2,1.0654
2024-04-18,394,84.67,167.04,456.09,404.27,175.52,186.805936,156.01,35.04,1.0643
2024-04-17,395,84.03,168.0,456.05,411.84,172.68,184.266828,155.47,35.68,1.0671
2024-04-16,396,87.42,169.38,454.31,414.58,173.08,183.75903600000004,154.4,36.26,1.0617
2024-04-15,397,86.0,172.69,453.08,413.64,175.9,186.84098,154.86,36.31,1.0622
2024-04-12,398,88.19,176.55,450.4,421.9,172.66,183.744772,157.73,35.69,1.0642
2024-04-11,399,90.62,175.04,452.32,427.93,173.58,186.14719200000002,159.41,37.63,1.0724
2024-04-10,400,87.04,167.78,451.71,423.26,174.38,187.318996,156.14,37.2,1.0742
2024-04-09,401,85.35,169.67,447.57,426.28,173.14,187.94346999999996,156.6,38.33,1.0855
2024-04-08,402,87.13,168.45,452.38,424.59,174.26,189.211508,154.85,37.98,1.0858
2024-04-05,403,88.01,169.58,455.38,425.52,172.36,186.75206,152.5,38.71,1.0835
2024-04-04,404,85.91,168.82,454.04,417.88,176.14,190.84768999999997,150.53,39.73,1.0835
2024-04-03,405,88.96,169.65,447.9,420.45,176.54,191.28108999999998,154.92,40.33,1.0835
2024-04-02,406,89.45,168.84,453.24,421.44,175.6,189.08607999999998,154.56,43.94,1.0768
2024-04-01,407,90.36,170.03,452.79,424.57,176.96,190.10812800000002,155.49,44.52,1.0743
2024-03-28,408,90.36,171.48,454.87,420.72,176.96,190.886752,150.93,44.17,1.0787
2024-03-27,409,90.25,173.31,456.78,421.43,176.92,191.533592,150.87,43.77,1.0826
2024-03-26,410,92.56,169.71,445.99,421.65,175.3,189.84990000000002,150.67,41.99,1.083
2024-03-25,411,95.0,170.85,446.31,422.86,174.06,188.611416,150.07,41.83,1.0836
2024-03-22,412,94.29,172.28,445.88,428.74,175.4,189.5197,150.77,42.57,1.0805
2024-03-21,413,91.44,171.37,443.16,429.37,174.84,189.87624000000002,147.6,42.42,1.086
2024-03-20,414,90.37,178.67,440.41,425.23,175.76,191.894768,148.74,42.2,1.0918
2024-03-19,415,89.4,176.08,437.19,421.41,173.04,188.00796,147.03,42.05,1.0865
2024-03-18,416,88.45,173.72,433.2,417.32,183.62,199.613302,147.68,42.71,1.0871
2024-03-15,417,87.84,172.62,435.82,416.42,184.96,201.36595200000002,141.18,42.64,1.0887
2024-03-14,418,87.94,173.0,435.77,425.22,184.0,200.21040000000002,143.1,42.75,1.0881
2024-03-13,419,90.89,171.13,434.6,415.1,183.9,201.29694,139.79,43.23,1.0946
2024-03-12,420,91.91,173.23,434.91,415.28,182.74,199.625176,138.5,45.24,1.0924
2024-03-11,421,85.77,172.75,434.75,404.52,180.62,197.345412,137.67,44.86,1.0926
2024-03-08,422,87.53,170.73,432.9,406.22,181.92,198.96590399999997,135.41,44.0,1.0937
2024-03-07,423,92.67,169.0,429.99,409.14,181.54,198.713684,134.38,46.15,1.0946
2024-03-06,424,88.7,169.12,433.48,402.09,180.0,196.146,131.4,44.51,1.0897
2024-03-05,425,85.96,170.12,431.98,402.65,178.54,193.80516999999998,132.67,43.16,1.0855
2024-03-04,426,85.24,175.1,431.94,414.92,181.08,196.544232,133.35,45.61,1.0854
2024-03-01,427,82.28,179.66,426.46,415.5,181.28,196.45313600000003,137.14,43.82,1.0837
2024-02-29,428,79.11,180.75,428.24,413.64,182.94,197.63008200000002,138.46,43.05,1.0803
2024-02-28,429,77.66,181.42,432.48,407.72,179.86,194.896296,136.38,41.99,1.0836
2024-02-27,430,78.7,182.63,430.43,407.48,176.62,191.52672800000002,138.88,42.73,1.0844
2024-02-26,431,79.09,181.16,429.18,407.54,174.9,189.71403,137.57,42.99,1.0847
2024-02-23,432,78.82,182.52,431.12,410.34,175.3,189.63954000000004,143.96,42.99,1.0818
2024-02-22,433,78.54,184.37,428.89,411.65,172.1,186.26383,144.09,42.98,1.0823
2024-02-21,434,67.47,182.32,427.55,402.18,169.42,183.261614,142.55,43.47,1.0817
2024-02-20,435,69.45,181.56,424.27,402.79,168.72,182.268216,141.12,44.52,1.0803
2024-02-16,436,72.61,182.31,424.07,404.06,169.22,182.31762799999998,140.52,43.51,1.0774
2024-02-15,437,72.66,183.86,423.12,406.56,167.0,179.8757,142.77,44.05,1.0771
2024-02-14,438,73.9,184.15,418.19,409.49,165.04,177.00539999999998,145.94,44.19,1.0725
2024-02-13,439,72.13,185.04,426.52,406.32,163.68,175.284912,145.14,43.16,1.0709
2024-02-12,440,72.25,187.15,428.07,415.26,165.14,177.87229399999998,147.53,44.03,1.0771
2024-02-09,441,72.13,188.85,426.5,420.55,165.52,178.46366400000002,149.0,43.31,1.0782
2024-02-08,442,69.64,188.32,427.0,414.11,169.78,182.954928,145.91,42.5,1.0776
2024-02-07,443,70.1,189.41,430.1,414.05,168.16,181.125136,145.54,42.78,1.0771
2024-02-06,444,68.22,189.3,426.95,405.49,167.38,180.00045199999997,144.1,42.74,1.0754
2024-02-05,445,69.33,187.68,421.7,405.65,164.62,176.818342,143.68,42.77,1.0741
2024-02-02,446,66.16,185.85,425.97,411.22,166.66,179.726144,142.38,42.6,1.0784
2024-02-01,447,63.03,186.86,429.77,403.78,166.56,181.08403199999998,141.16,43.36,1.0872
2024-01-31,448,61.53,184.4,429.41,397.58,166.68,180.28108799999998,140.1,43.08,1.0816
2024-01-30,449,62.77,188.04,431.68,408.59,169.32,183.54288,151.46,42.92,1.084
2024-01-29,450,62.47,191.73,428.01,409.72,167.34,181.27942199999998,153.51,43.84,1.0833
2024-01-26,451,61.03,192.42,429.91,403.93,167.86,182.161672,152.19,43.65,1.0852
2024-01-25,452,61.62,194.17,431.04,404.87,167.2,181.34511999999998,151.87,49.55,1.0846
2024-01-24,453,61.36,194.5,431.65,402.56,167.5,182.29025000000001,148.7,49.09,1.0883
2024-01-23,454,59.87,195.18,439.67,398.9,162.04,175.829604,147.04,48.89,1.0851
2024-01-22,455,59.65,193.89,458.76,396.51,163.4,177.79554000000002,145.99,48.22,1.0881
2024-01-19,456,59.49,191.56,457.76,398.67,160.94,175.37631799999997,146.38,48.15,1.0897
2024-01-18,457,57.11,188.63,459.57,393.87,160.82,174.875668,143.48,46.74,1.0874
2024-01-17,458,56.05,182.68,456.47,389.47,158.94,172.94261400000002,141.47,46.06,1.0881
2024-01-16,459,56.38,183.63,457.84,390.27,161.16,175.24538399999997,142.49,47.06,1.0874
2024-01-12,460,54.71,185.92,463.18,388.47,163.12,178.600088,142.65,47.12,1.0949
2024-01-11,461,54.82,185.59,453.13,384.63,160.66,176.24402,142.08,47.64,1.097
2024-01-10,462,54.35,186.19,455.4,382.77,160.78,176.391738,142.28,47.47,1.0971
2024-01-09,463,53.14,185.14,456.29,375.79,159.4,174.24014,140.95,48.05,1.0931
2024-01-08,464,52.25,185.56,458.6,374.69,160.78,176.038022,138.84,48.45,1.0949
2024-01-05,465,49.1,181.18,456.5,367.75,160.5,175.60305000000002,135.73,46.89,1.0941
2024-01-04,466,48.0,181.91,457.87,367.94,162.42,177.73620599999998,136.39,46.87,1.0943
2024-01-03,467,47.57,184.25,459.12,370.6,162.32,177.269672,138.92,47.05,1.0921
2024-01-02,468,48.17,185.64,456.12,370.87,167.88,183.778236,138.17,47.8,1.0947
2023-12-29,469,49.52,192.53,453.24,376.04,169.92,187.52371199999996,139.69,50.25,1.1036
2023-12-28,470,49.52,193.58,451.23,375.28,168.48,186.322032,140.23,50.39,1.1059
2023-12-27,471,49.42,193.15,448.97,374.07,168.82,187.440846,140.37,50.76,1.1103
2023-12-26,472,49.28,193.05,450.18,374.66,168.08,185.593936,141.52,50.5,1.1042
2023-12-22,473,48.83,193.6,448.22,374.58,168.08,185.05608,141.49,48.0,1.101
2023-12-21,474,48.99,194.68,448.02,373.54,168.48,185.462784,140.42,47.08,1.1008
2023-12-20,475,48.11,194.83,442.6,370.62,169.14,185.005332,138.34,45.76,1.0938
2023-12-19,476,49.6,196.94,447.79,373.26,167.98,184.44204,136.65,46.66,1.098
2023-12-18,477,50.08,195.89,446.91,372.65,163.4,178.46548,135.8,45.69,1.0922
2023-12-15,478,48.89,197.57,441.81,370.73,166.78,181.69013199999998,132.6,46.16,1.0894
2023-12-14,479,48.35,198.11,445.27,365.93,165.82,182.252762,131.94,45.18,1.0991
2023-12-13,480,48.09,197.96,451.44,374.37,162.88,177.09942399999997,132.57,44.57,1.0873
2023-12-12,481,47.66,194.71,451.63,374.38,163.86,176.837712,132.52,44.04,1.0792
2023-12-11,482,46.63,193.18,451.26,371.3,164.3,176.80323,133.29,44.54,1.0761
2023-12-08,483,47.51,195.71,448.02,374.23,162.42,174.780162,134.99,42.7,1.0761
2023-12-07,484,46.6,194.27,447.11,370.95,161.5,174.2908,136.93,42.15,1.0792
2023-12-06,485,45.5,192.32,449.41,368.8,160.92,173.18210399999998,130.02,41.27,1.0762
2023-12-05,486,46.57,193.42,446.24,372.52,158.74,171.35983,130.99,41.92,1.0795
2023-12-04,487,45.51,189.43,450.69,369.14,156.98,170.10352799999998,129.27,42.35,1.0836
2023-12-01,488,46.77,191.24,449.41,374.51,156.0,169.74360000000001,131.86,43.74,1.0881
2023-11-30,489,46.77,189.95,447.77,378.91,154.0,167.6444,132.53,44.7,1.0886
2023-11-29,490,48.14,189.37,445.01,378.85,152.88,167.678784,134.99,44.94,1.0968
2023-11-28,491,47.82,190.4,448.27,382.7,151.42,166.41057999999998,137.2,44.23,1.099
2023-11-27,492,48.24,189.79,445.49,378.61,150.24,164.557872,136.41,44.08,1.0953
2023-11-24,493,47.78,189.97,452.01,377.43,150.86,165.02575400000003,136.69,43.96,1.0939
2023-11-22,494,48.72,191.31,450.4,377.85,149.66,162.934842,138.49,43.67,1.0887
2023-11-21,495,49.94,190.64,448.15,373.07,147.66,161.082294,136.97,43.64,1.0909
2023-11-20,496,50.41,191.45,443.81,377.44,147.64,161.488632,136.25,44.74,1.0938
2023-11-17,497,49.3,189.69,444.68,369.85,148.46,161.92532200000002,135.31,43.81,1.0907
2023-11-16,498,49.48,189.71,445.59,376.17,146.82,159.2997,136.93,43.35,1.085
2023-11-15,499,48.89,188.01,445.14,369.67,138.9,150.65094000000002,134.62,40.61,1.0846
2023-11-14,500,49.66,187.44,444.22,370.27,136.56,148.563624,133.62,39.41,1.0879
2023-11-13,501,48.62,184.8,445.03,366.68,132.9,142.16313000000002,132.09,38.23,1.0697
2023-11-10,502,48.34,186.4,444.87,369.67,130.8,139.70748000000003,132.59,38.86,1.0681
2023-11-09,503,46.95,182.41,442.46,360.69,133.0,141.8578,130.24,37.8,1.0666
2023-11-08,504,46.57,182.89,444.66,363.2,129.92,139.10534399999997,131.84,37.92,1.0707
2023-11-07,505,45.95,181.82,450.15,360.53,128.88,137.888712,130.97,38.77,1.0699
2023-11-06,506,45.75,179.23,451.16,356.53,128.98,138.20206999999996,130.25,37.95,1.0715
2023-11-03,507,45.01,176.65,453.34,352.8,127.8,137.11661999999998,129.1,38.14,1.0729
2023-11-02,508,43.51,177.57,458.04,348.32,127.64,135.55368,127.49,37.7,1.062
2023-11-01,509,42.33,173.97,452.38,346.07,125.5,132.6284,126.45,37.29,1.0568
2023-10-31,510,40.78,170.77,454.64,338.11,124.96,132.15769600000002,124.08,36.5,1.0576
2023-10-30,511,41.16,170.29,445.84,337.31,123.7,131.28280999999998,124.46,35.69,1.0613
2023-10-27,512,40.5,168.22,443.39,329.81,122.42,129.324488,122.17,35.54,1.0564
2023-10-26,513,40.33,166.89,445.97,327.89,121.2,127.98720000000002,122.28,32.52,1.056
2023-10-25,514,41.78,171.1,447.69,340.67,126.96,134.107848,125.61,32.83,1.0563
2023-10-24,515,43.66,173.44,440.9,330.53,127.44,134.933472,138.81,34.59,1.0588
2023-10-23,516,42.98,173.0,446.16,329.32,127.7,136.23036,136.5,33.85,1.0668
2023-10-20,517,41.39,172.88,444.17,326.67,127.12,134.65821599999998,135.6,34.92,1.0593
2023-10-19,518,42.1,175.46,449.18,331.32,129.86,137.37889400000003,137.75,35.67,1.0579
2023-10-18,519,42.2,175.84,446.07,330.11,130.4,137.37640000000002,137.96,35.64,1.0535
2023-10-17,520,43.94,177.15,441.13,332.06,133.96,141.66270000000003,139.72,36.06,1.0575
2023-10-16,521,46.09,178.72,440.41,332.64,133.9,141.37162,139.09,36.56,1.0558
2023-10-13,522,45.46,178.85,441.06,327.73,133.48,140.27413199999998,137.36,35.97,1.0509
2023-10-12,523,46.95,180.71,434.14,331.16,136.64,143.82726399999999,138.97,36.84,1.0526
2023-10-11,524,46.81,179.8,436.65,332.42,138.24,146.76940800000003,140.55,36.88,1.0617
2023-10-10,525,45.8,178.39,435.1,328.39,136.82,145.070246,138.06,36.43,1.0603
2023-10-09,526,45.27,178.99,436.53,329.82,132.72,140.21868,138.42,36.06,1.0565
2023-10-06,527,45.76,177.49,400.73,327.26,134.66,142.551076,137.58,36.19,1.0586
2023-10-05,528,44.69,174.91,397.35,319.36,132.26,139.507848,135.07,35.89,1.0548
2023-10-04,529,44.04,173.66,401.33,318.95,133.54,140.257062,135.24,35.93,1.0503
2023-10-03,530,43.52,172.4,403.83,313.39,133.1,139.28914999999998,132.43,35.69,1.0465
2023-10-02,531,44.78,173.75,407.82,321.8,134.44,140.839344,134.17,35.46,1.0476
2023-09-29,532,43.5,171.21,408.96,315.75,135.66,143.39262,130.86,35.55,1.057
2023-09-28,533,43.09,170.69,410.96,313.64,135.58,143.15892200000002,132.31,35.18,1.0559
2023-09-27,534,42.47,170.43,408.72,312.79,134.2,140.91,130.54,34.61,1.05
2023-09-26,535,41.91,171.96,408.75,312.14,129.92,137.32544,128.56,33.83,1.057
2023-09-25,536,42.22,176.08,412.9,317.54,132.48,140.29631999999998,131.11,34.29,1.059
2023-09-22,537,41.61,174.79,413.65,317.01,133.24,141.927248,130.25,34.18,1.0652
2023-09-21,538,41.02,173.93,417.54,319.53,133.68,142.476144,130.44,34.65,1.0658
2023-09-20,539,42.24,175.49,426.95,320.77,136.2,145.17558,133.74,34.69,1.0659
2023-09-19,540,43.52,179.07,425.31,328.65,134.54,143.648358,138.04,36.34,1.0677
2023-09-18,541,43.97,177.97,429.86,329.06,137.18,146.64542,138.21,37.99,1.069
2023-09-15,542,43.9,175.01,424.05,330.22,138.1,147.14555,137.4,37.88,1.0655
2023-09-14,543,45.58,175.74,425.89,338.7,136.38,145.121958,138.1,38.67,1.0641
2023-09-13,544,45.48,174.21,420.99,336.06,134.14,143.90539199999998,136.71,38.71,1.0728
2023-09-12,545,44.87,176.3,417.83,331.77,135.92,146.14118399999998,135.34,38.86,1.0752
2023-09-11,546,45.18,179.36,420.66,337.94,136.98,147.226104,136.92,38.59,1.0748
2023-09-08,547,45.57,178.18,423.09,334.27,137.12,146.704688,136.38,38.01,1.0699
2023-09-07,548,46.24,177.56,425.94,329.91,136.46,145.998554,135.26,38.18,1.0699
2023-09-06,549,47.06,182.91,423.94,332.88,137.26,147.238802,134.46,36.98,1.0727
2023-09-05,550,48.55,189.7,445.19,333.55,137.96,147.89312,135.77,36.71,1.072
2023-09-01,551,48.51,189.46,448.18,328.66,137.5,148.12875,135.66,36.61,1.0773
2023-08-31,552,49.35,187.87,448.35,327.76,138.88,150.559808,136.17,35.14,1.0841
2023-08-30,553,49.26,187.65,452.41,328.79,138.3,151.07892,135.88,34.53,1.0924
2023-08-29,554,48.78,184.12,448.4,328.41,140.08,152.365016,134.57,34.31,1.0877
2023-08-28,555,46.84,180.19,452.32,323.7,138.0,149.27460000000002,131.01,33.62,1.0817
2023-08-25,556,46.02,178.61,451.09,322.98,136.4,147.312,129.88,33.25,1.08
2023-08-24,557,47.16,176.38,452.55,319.97,135.6,146.57003999999998,129.78,32.59,1.0809
2023-08-23,558,47.12,181.12,454.57,327.0,137.0,148.7683,132.37,33.98,1.0859
2023-08-22,559,45.67,177.23,452.94,322.46,136.9,148.45436,129.08,32.89,1.0844
2023-08-21,560,46.97,175.84,451.49,321.88,134.92,146.94137199999997,128.37,33.14,1.0891
2023-08-18,561,43.3,174.49,450.06,316.48,134.4,146.0256,127.46,32.75,1.0865
2023-08-17,562,43.34,174.0,446.68,316.88,135.82,147.64992199999998,129.92,32.58,1.0871
2023-08-16,563,43.49,176.57,445.13,320.4,138.12,150.191688,128.7,33.53,1.0874
2023-08-15,564,43.94,177.45,443.58,321.86,137.66,150.104464,129.78,34.77,1.0904
2023-08-14,565,43.75,179.46,450.08,324.04,138.72,151.260288,131.33,35.68,1.0904
2023-08-11,566,40.85,177.79,454.05,321.01,137.42,150.392448,129.56,34.89,1.0944
2023-08-10,567,42.39,177.97,450.05,322.93,139.46,153.11313400000003,129.69,34.68,1.0979
2023-08-09,568,42.55,178.19,452.81,322.23,146.48,160.73250399999998,129.66,34.28,1.0973
2023-08-08,569,44.66,179.8,449.47,326.05,145.68,159.57787199999999,131.4,35.02,1.0954
2023-08-07,570,45.42,178.85,449.78,330.11,148.38,163.247676,131.53,35.23,1.1002
2023-08-04,571,44.68,181.99,445.72,327.78,148.84,163.87284,128.11,35.14,1.101
2023-08-03,572,44.52,191.17,447.92,326.66,146.26,160.066944,128.45,34.87,1.0944
2023-08-02,573,44.27,192.58,448.56,327.5,147.82,161.65595199999998,128.38,34.39,1.0936
2023-08-01,574,46.51,195.6,451.28,336.34,150.46,165.235172,131.55,35.8,1.0982
2023-07-31,575,46.73,196.45,446.37,335.92,154.98,170.36951399999998,132.72,35.77,1.0993
2023-07-28,576,46.75,195.83,449.0,338.37,154.28,169.93941999999998,132.58,36.83,1.1015
2023-07-27,577,45.9,193.22,448.64,330.72,155.68,170.827664,129.4,34.55,1.0973
2023-07-26,578,45.45,194.5,452.81,337.77,150.88,167.220304,129.27,34.36,1.1083
2023-07-25,579,45.68,193.62,454.15,350.98,151.8,167.78454,122.21,34.1,1.1053
2023-07-24,580,44.61,192.75,456.8,345.11,151.1,167.14682,121.53,33.63,1.1062
2023-07-21,581,44.31,191.94,454.76,343.77,151.6,168.62468,120.02,34.02,1.1123
2023-07-20,582,45.52,193.13,456.01,346.87,151.4,168.47792,119.2,33.37,1.1128
2023-07-19,583,47.08,195.1,451.51,355.08,148.46,166.245508,122.03,34.46,1.1198
2023-07-18,584,47.49,193.73,455.7,359.49,150.2,168.61452,123.76,34.5,1.1226
2023-07-17,585,46.46,193.99,469.97,345.73,149.92,168.42012799999998,124.65,34.37,1.1234
2023-07-14,586,45.47,190.69,464.31,345.24,150.6,169.07862,125.42,33.15,1.1227
2023-07-13,587,45.98,190.54,466.38,342.66,150.5,168.9212,124.54,33.87,1.1224
2023-07-12,588,43.9,189.77,461.96,337.2,149.26,166.09652799999998,118.93,33.98,1.1128
2023-07-11,589,42.41,188.08,466.29,332.47,145.98,160.66558799999999,117.14,33.3,1.1006
2023-07-10,590,42.18,188.61,460.38,331.83,144.38,158.803562,116.45,32.74,1.0999
2023-07-07,591,42.5,190.68,458.71,337.22,142.62,156.41135400000002,119.48,31.85,1.0967
2023-07-06,592,42.1,191.81,461.64,341.27,142.22,154.834914,120.11,31.97,1.0887
2023-07-05,593,42.32,191.33,462.76,338.15,145.84,158.250984,121.75,32.51,1.0851
2023-07-03,594,42.41,192.46,462.58,337.99,148.78,162.333858,119.9,33.62,1.0911
2023-06-30,595,42.3,193.97,460.38,340.54,152.54,166.42113999999998,119.7,33.44,1.091
2023-06-29,596,40.82,189.59,457.44,335.05,150.58,163.590112,119.1,32.91,1.0864
2023-06-28,597,41.12,189.25,449.66,335.85,152.72,166.632792,120.18,33.57,1.0911
2023-06-27,598,41.88,188.06,453.15,334.57,157.56,172.670004,118.33,34.1,1.0959
2023-06-26,599,40.63,185.27,452.8,328.6,155.48,169.535392,118.34,33.34,1.0904
2023-06-23,600,42.21,186.68,459.36,335.02,156.98,170.935522,122.34,33.0,1.0889
2023-06-22,601,43.02,187.0,463.43,339.71,160.52,175.865712,123.15,32.71,1.0956
2023-06-21,602,43.05,183.96,466.04,333.56,160.38,176.161392,120.55,32.9,1.0984
2023-06-20,603,43.81,185.01,458.38,338.05,161.52,176.315232,123.1,35.0,1.0916
2023-06-16,604,42.69,184.92,459.17,342.33,163.78,179.06067399999998,123.53,36.37,1.0933
2023-06-15,605,42.65,186.01,455.95,348.1,165.78,181.44621,125.09,35.82,1.0945
2023-06-14,606,43.0,183.95,452.55,337.34,164.34,177.996654,123.67,35.58,1.0831
2023-06-13,607,41.02,183.31,452.37,334.29,164.46,177.468786,123.83,33.91,1.0791
2023-06-12,608,39.48,183.79,459.87,331.85,160.78,172.95104600000002,123.64,33.07,1.0757
2023-06-09,609,38.77,180.96,462.69,326.79,158.14,169.95305799999997,122.23,31.34,1.0747
2023-06-08,610,38.51,180.57,464.17,325.26,158.76,171.159156,122.14,31.82,1.0781
2023-06-07,611,37.48,177.82,461.75,323.38,158.46,169.50466200000002,122.5,31.28,1.0697
2023-06-06,612,38.65,179.21,458.63,333.68,158.36,169.302676,127.31,30.96,1.0691
2023-06-05,613,39.17,179.58,454.69,335.94,158.52,169.806624,126.01,29.86,1.0712
2023-06-02,614,39.33,180.95,454.49,335.4,159.28,170.525168,124.67,31.31,1.0706
2023-06-01,615,39.77,180.09,449.67,332.58,156.68,168.603348,123.72,31.13,1.0761
2023-05-31,616,37.83,177.25,444.01,328.39,153.34,163.889792,122.87,31.44,1.0688
2023-05-30,617,40.11,177.3,447.97,331.21,156.66,168.14317799999998,123.67,29.99,1.0733
2023-05-26,618,38.95,175.43,448.45,332.89,156.68,168.02363200000002,124.61,29.0,1.0724
2023-05-25,619,37.98,172.99,442.83,325.92,153.64,164.686716,123.48,27.4,1.0719
2023-05-24,620,30.54,171.84,452.72,313.85,152.26,163.649048,120.9,29.0,1.0748
2023-05-23,621,30.69,171.56,452.63,315.26,155.44,167.377792,122.56,29.51,1.0768
2023-05-22,622,31.18,174.2,454.72,321.18,157.92,170.72731199999998,125.05,30.28,1.0811
2023-05-19,623,31.26,175.16,454.49,318.34,159.78,172.594356,122.76,29.93,1.0802
2023-05-18,624,31.68,175.05,455.75,318.52,157.74,169.870206,122.83,29.68,1.0769
2023-05-17,625,30.18,172.69,457.3,314.0,153.42,166.291938,120.84,28.87,1.0839
2023-05-16,626,29.21,172.07,447.73,311.74,149.6,162.48056,119.51,29.22,1.0861
2023-05-15,627,28.95,172.07,451.92,309.46,150.62,163.754064,116.51,29.8,1.0872
2023-05-12,628,28.34,172.57,450.79,308.97,150.1,162.82847999999998,117.51,28.95,1.0848
2023-05-11,629,28.58,173.75,450.69,310.11,148.86,162.465804,116.57,28.86,1.0914
2023-05-10,630,28.89,173.56,453.15,312.31,149.16,163.77768,111.75,29.97,1.098
2023-05-09,631,28.57,171.77,452.04,307.0,150.64,165.10144,107.35,30.1,1.096
2023-05-08,632,29.15,173.5,450.96,308.65,149.82,164.861928,107.77,30.77,1.1004
2023-05-05,633,28.68,173.57,455.54,310.65,150.48,165.78381599999997,105.57,30.99,1.1017
2023-05-04,634,27.56,165.79,451.93,305.41,148.5,163.51335,104.69,31.24,1.1011
2023-05-03,635,27.8,167.45,453.07,304.4,149.48,165.309932,105.41,30.65,1.1059
2023-05-02,636,28.21,168.54,458.89,305.41,147.32,162.037268,105.32,29.77,1.0999
2023-05-01,637,28.91,169.59,469.43,305.56,148.9,163.41774999999998,107.2,30.3,1.0975
2023-04-28,638,27.75,169.68,464.45,307.26,148.9,164.08780000000002,107.34,31.06,1.102
2023-04-27,639,27.23,168.41,465.0,304.83,147.36,162.493872,107.59,29.86,1.1027
2023-04-26,640,26.96,163.76,461.62,295.37,145.68,160.83072,103.71,29.05,1.104
2023-04-25,641,26.24,163.77,475.58,275.42,147.38,161.705336,103.85,28.88,1.0972
2023-04-24,642,27.04,165.33,480.92,281.77,145.66,160.823206,105.97,29.66,1.1041
2023-04-21,643,27.12,165.02,482.55,285.76,145.64,160.014668,105.41,30.3,1.0987
2023-04-20,644,27.1,166.65,490.6,286.11,146.0,160.1182,105.29,30.86,1.0967
2023-04-19,645,27.93,167.63,495.16,288.45,146.58,160.56373200000002,104.18,31.15,1.0954
2023-04-18,646,27.67,166.47,501.41,288.37,147.2,161.49311999999998,104.5,31.83,1.0971
2023-04-17,647,27.0,165.23,489.64,288.8,147.06,160.67775600000002,105.97,32.14,1.0926
2023-04-14,648,26.76,165.21,487.99,286.14,146.16,160.776,108.87,31.89,1.1
2023-04-13,649,26.46,165.56,492.14,289.84,144.28,159.34283200000002,107.43,32.13,1.1044
2023-04-12,650,26.5,160.1,488.1,283.49,144.82,159.142698,104.64,32.02,1.0989
2023-04-11,651,27.17,160.8,487.84,282.83,143.34,156.38394,105.35,32.35,1.091
2023-04-10,652,27.58,162.03,496.75,289.39,141.12,153.242208,106.44,32.52,1.0859
2023-04-06,653,27.04,164.66,490.17,291.6,141.12,154.10304000000002,108.42,32.81,1.092
2023-04-05,654,26.88,163.76,489.99,284.34,143.94,156.937782,104.47,32.83,1.0903
2023-04-04,655,27.45,165.63,488.54,287.18,147.56,161.607712,104.72,33.1,1.0952
2023-04-03,656,27.96,166.17,486.62,287.23,148.26,161.52926999999997,104.36,32.89,1.0895
2023-03-31,657,27.78,164.9,472.73,288.3,149.26,161.782914,103.73,32.67,1.0839
2023-03-30,658,27.38,162.36,473.18,284.05,148.52,161.901652,100.89,32.09,1.0901
2023-03-29,659,26.98,160.77,474.19,280.51,146.3,158.63309,101.39,31.52,1.0843
2023-03-28,660,26.41,157.65,471.44,275.23,143.52,155.618736,101.03,29.29,1.0843
2023-03-27,661,26.53,158.28,473.39,276.38,141.66,152.93613599999998,102.46,29.18,1.0796
2023-03-24,662,26.78,160.25,474.54,280.57,140.58,151.25002200000003,105.44,29.36,1.0759
2023-03-23,663,27.19,158.93,467.9,277.66,145.18,157.22994,105.6,29.03,1.083
2023-03-22,664,26.47,157.83,468.9,272.29,144.94,157.33237,103.37,28.13,1.0855
2023-03-21,665,26.2,159.28,474.76,273.78,142.78,153.731226,104.92,28.46,1.0767
2023-03-20,666,25.9,157.4,475.7,272.23,138.82,148.80115800000002,101.22,29.16,1.0719
2023-03-17,667,25.73,155.0,465.87,279.43,137.36,146.50817600000002,101.62,29.81,1.0666
2023-03-16,668,25.54,155.85,473.24,276.2,140.96,149.48808,100.32,30.18,1.0605
2023-03-15,669,24.23,152.99,473.31,265.44,138.1,146.04075,96.11,28.41,1.0575
2023-03-14,670,24.06,152.59,478.87,260.79,145.58,156.236456,93.97,28.01,1.0732
2023-03-13,671,22.97,150.47,477.33,253.92,140.96,151.235984,91.11,26.95,1.0729
2023-03-10,672,22.96,148.5,475.5,248.59,147.5,156.98425,90.63,27.22,1.0643
2023-03-09,673,23.44,150.59,475.85,252.32,151.16,159.92728,92.32,26.44,1.058
2023-03-08,674,24.18,152.87,479.5,253.7,149.82,157.97020799999999,94.25,25.98,1.0544
2023-03-07,675,23.29,151.6,478.66,254.15,148.02,156.116694,93.86,25.53,1.0547
2023-03-06,676,23.55,153.83,480.17,256.87,147.52,157.521856,95.13,25.99,1.0678
2023-03-03,677,23.89,151.03,477.89,255.29,147.08,156.375456,93.65,26.4,1.0632
2023-03-02,678,23.31,145.91,478.31,251.11,144.46,153.06981600000003,92.0,26.2,1.0596
2023-03-01,679,22.7,145.31,474.33,246.27,145.34,155.00511,90.36,25.33,1.0665
2023-02-28,680,23.22,147.41,474.26,249.42,144.7,153.03472,90.06,24.93,1.0576
2023-02-27,681,23.5,147.92,479.49,250.16,143.8,152.52866,89.87,24.9,1.0607
2023-02-24,682,23.29,146.71,480.4,249.22,141.46,149.183716,89.13,25.14,1.0546
2023-02-23,683,23.66,149.4,479.08,254.77,145.98,154.66581,90.89,25.61,1.0595
2023-02-22,684,20.75,148.91,479.53,251.51,144.34,153.014834,91.65,25.47,1.0601
2023-02-21,685,20.66,148.48,479.19,252.67,143.74,153.02560400000002,91.79,26.06,1.0646
2023-02-17,686,21.39,152.55,475.63,258.06,145.44,155.533536,94.35,27.61,1.0694
2023-02-16,687,22.0,153.71,471.25,262.15,147.38,157.22498399999998,95.51,28.2,1.0668
2023-02-15,688,22.76,155.33,480.51,269.32,148.5,158.73165,96.94,28.85,1.0689
2023-02-14,689,22.97,153.2,481.58,272.17,145.02,155.67897,94.68,28.64,1.0735
2023-02-13,690,21.79,153.85,481.97,271.32,146.16,156.68352000000002,94.61,28.55,1.072
2023-02-10,691,21.27,151.01,480.83,263.1,145.74,155.57745,94.57,27.8,1.0675
2023-02-09,692,22.34,150.87,470.09,263.62,149.42,160.417312,95.01,27.73,1.0736
2023-02-08,693,22.2,151.92,469.65,266.73,140.06,149.990254,99.37,28.24,1.0709
2023-02-07,694,22.17,154.65,468.33,267.56,140.86,151.04417800000002,107.64,29.05,1.0723
2023-02-06,695,21.09,151.73,469.1,256.77,142.96,153.39608,102.9,28.69,1.073
2023-02-03,696,21.1,154.5,459.08,258.35,145.02,156.520086,104.78,30.32,1.0793
2023-02-02,697,21.71,150.82,457.19,264.6,143.72,156.79852,107.74,30.19,1.091
2023-02-01,698,20.94,145.43,462.25,252.75,143.0,157.1427,100.43,29.07,1.0989
2023-01-31,699,19.54,144.29,463.26,247.81,142.9,155.21798,98.84,28.26,1.0862
2023-01-30,700,19.16,143.0,460.59,242.71,143.26,155.351144,96.94,27.95,1.0844
2023-01-27,701,20.36,145.93,459.6,248.16,144.5,157.02815,99.37,28.16,1.0867
2023-01-26,702,19.8,143.96,459.81,248.0,144.06,156.866934,97.52,30.09,1.0889
2023-01-25,703,19.32,141.86,454.16,240.61,142.82,155.88803,95.22,29.7,1.0915
2023-01-24,704,19.27,142.53,449.23,242.04,143.3,155.98205000000002,97.7,29.92,1.0885
2023-01-23,705,19.19,141.11,441.28,242.58,143.92,156.41225599999999,99.79,30.27,1.0868
2023-01-20,706,17.84,137.87,443.28,240.22,141.88,154.01073999999997,98.02,29.22,1.0855
2023-01-19,707,16.77,135.27,439.31,231.93,140.6,152.22762,93.05,28.42,1.0827
2023-01-18,708,17.38,135.21,441.27,235.81,144.96,156.440832,91.12,28.81,1.0792
2023-01-17,709,17.7,135.94,447.16,240.35,145.0,156.426,91.29,29.6,1.0788
2023-01-13,710,16.9,134.76,449.83,239.23,142.44,154.23403199999998,92.12,30.11,1.0828
2023-01-12,711,16.51,133.41,461.74,238.51,142.06,154.07827600000002,91.13,30.29,1.0846
2023-01-11,712,16.0,133.49,463.0,235.77,140.16,150.74208,91.52,29.85,1.0755
2023-01-10,713,15.91,130.73,462.29,228.85,138.14,148.27947599999996,88.42,29.44,1.0734
2023-01-09,714,15.63,130.15,458.99,227.12,138.34,148.411152,88.02,29.31,1.0728
2023-01-06,715,14.86,129.62,473.24,224.93,136.14,144.90741599999998,87.34,28.73,1.0644
2023-01-05,716,14.27,125.02,477.07,222.31,134.84,141.85168000000002,86.2,27.56,1.052
2023-01-04,717,14.75,126.36,476.5,229.1,135.28,143.383272,88.08,27.68,1.0599
2023-01-03,718,14.31,125.07,477.53,239.58,130.94,138.089324,89.12,26.73,1.0546
2022-12-30,719,14.61,129.93,486.49,239.82,129.64,138.740728,88.23,26.43,1.0702
2022-12-29,720,14.6,129.61,487.05,241.01,130.44,139.062084,88.45,26.21,1.0661
2022-12-28,721,14.04,126.04,483.22,234.53,128.42,136.22793599999997,86.02,25.54,1.0608
2022-12-27,722,14.12,130.03,485.5,236.96,129.52,137.78337600000003,87.39,25.94,1.0638
2022-12-23,723,15.21,131.86,483.29,238.73,128.54,136.43235599999997,89.23,26.09,1.0614
2022-12-22,724,15.34,132.23,479.3,238.19,128.56,136.183608,87.76,25.97,1.0593
2022-12-21,725,16.5,135.45,487.65,244.43,129.9,137.73297,89.58,26.83,1.0603
2022-12-20,726,16.09,132.3,486.15,241.8,127.78,135.715138,89.02,26.44,1.0621
2022-12-19,727,16.25,132.37,481.79,240.45,128.02,135.76521000000002,88.44,26.79,1.0605
2022-12-16,728,16.57,134.51,481.79,244.69,127.08,134.476056,90.26,26.92,1.0582
2022-12-15,729,16.95,136.5,478.79,249.01,127.52,135.502752,90.86,27.15,1.0626
2022-12-14,730,17.67,143.21,485.19,257.22,133.02,142.09196400000002,95.07,28.26,1.0682
2022-12-13,731,18.07,145.47,480.22,256.92,134.86,143.35618,95.63,28.73,1.063
2022-12-12,732,17.54,144.49,486.32,252.51,134.3,141.48505000000003,93.31,28.69,1.0535
2022-12-09,733,17.0,142.16,483.58,245.42,133.44,140.51232,92.83,28.24,1.053
2022-12-08,734,17.17,142.65,485.38,247.4,132.0,139.3392,93.71,28.44,1.0556
2022-12-07,735,16.12,140.94,481.2,244.37,132.9,139.61145,94.94,28.33,1.0505
2022-12-06,736,15.99,142.91,484.0,245.12,133.76,140.03334399999997,96.98,28.6,1.0469
2022-12-05,737,16.61,146.63,490.67,250.2,135.44,142.090104,99.48,29.17,1.0491
2022-12-02,738,16.88,147.81,496.23,255.02,134.7,141.94686,100.44,29.41,1.0538
2022-12-01,739,17.14,148.31,483.69,254.69,133.66,140.637052,100.99,29.83,1.0522
2022-11-30,740,16.92,148.03,485.19,255.14,131.22,136.53441,100.99,30.07,1.0405
2022-11-29,741,15.64,141.17,484.1,240.33,133.08,137.431716,95.19,28.9,1.0327
2022-11-28,742,15.83,144.22,483.21,241.76,131.54,135.972898,96.05,28.73,1.0337
2022-11-25,743,16.27,148.11,483.46,247.49,132.06,137.27637000000001,97.46,29.34,1.0395
2022-11-23,744,16.52,151.07,481.07,247.58,130.68,135.84186000000003,98.46,29.67,1.0395
2022-11-22,745,16.04,150.18,479.5,245.03,130.68,134.62653600000002,97.05,29.82,1.0302
2022-11-21,746,15.32,148.01,480.94,242.05,129.1,132.21131,95.6,28.94,1.0241
2022-11-18,747,15.41,151.29,476.82,241.22,132.5,136.793,97.43,29.87,1.0324
2022-11-17,748,15.68,150.72,472.77,241.68,129.58,134.24488000000002,98.36,29.89,1.036
2022-11-16,749,15.91,148.79,466.24,241.73,121.12,125.867904,98.85,29.53,1.0392
2022-11-15,750,16.67,150.04,467.25,241.97,123.12,127.40457599999999,98.44,30.71,1.0348
2022-11-14,751,16.3,148.28,462.04,241.55,122.86,126.85294999999999,95.7,30.35,1.0325
2022-11-11,752,16.33,149.7,463.86,247.11,122.6,126.91551999999999,96.41,30.43,1.0352
2022-11-10,753,15.75,146.87,490.77,242.98,120.7,123.21056,93.94,29.76,1.0208
2022-11-09,754,13.78,134.87,485.18,224.51,115.76,115.88733600000002,87.32,27.52,1.0011
2022-11-08,755,14.6,139.5,494.12,228.87,116.54,117.37908800000002,88.9,28.48,1.0072
2022-11-07,756,14.3,138.92,488.63,227.87,114.56,114.777664,88.49,28.41,1.0019
2022-11-04,757,14.16,138.38,481.67,221.39,113.04,112.58784,86.58,28.2,0.996
2022-11-03,758,13.42,138.88,484.82,214.25,108.1,105.40830999999999,83.43,27.39,0.9751
2022-11-02,759,13.22,145.03,482.06,220.1,110.32,108.301144,86.97,27.42,0.9817
2022-11-01,760,13.54,150.65,485.63,228.17,112.3,110.88502,90.47,28.3,0.9874
2022-10-31,761,13.5,153.34,486.68,232.13,110.64,109.345512,94.51,28.43,0.9883
2022-10-28,762,13.83,155.74,484.87,235.87,111.44,111.027672,96.29,29.07,0.9963
2022-10-27,763,13.18,144.8,471.93,226.75,112.2,111.77364,92.22,26.27,0.9962
2022-10-26,764,12.9,149.35,462.56,231.32,112.36,113.225172,94.93,27.21,1.0077
2022-10-25,765,13.26,152.34,460.15,250.66,111.24,110.839536,104.48,27.41,0.9964
2022-10-24,766,12.6,149.45,457.46,247.25,109.84,108.456016,102.52,27.18,0.9874
2022-10-21,767,12.47,147.27,454.61,242.12,106.84,105.34424,101.13,26.97,0.986
2022-10-20,768,12.19,143.39,444.34,236.15,107.9,105.55857,99.97,26.08,0.9783
2022-10-19,769,12.05,143.86,439.96,236.48,107.98,105.50725800000001,99.63,26.0,0.9771
2022-10-18,770,11.97,143.75,431.84,238.5,108.32,106.71686399999999,100.77,25.87,0.9852
2022-10-17,771,11.89,142.41,397.31,237.53,107.02,105.286276,99.97,26.42,0.9838
2022-10-14,772,11.23,138.38,389.41,228.56,104.16,101.233104,96.56,25.91,0.9719
2022-10-13,773,11.96,142.99,405.96,234.24,105.24,102.851052,99.06,26.42,0.9773
2022-10-12,774,11.5,138.34,397.42,225.75,102.44,99.407776,97.56,25.33,0.9704
2022-10-11,775,11.59,138.98,411.06,225.41,103.1,100.03793,97.18,25.04,0.9703
2022-10-10,776,11.67,140.42,409.99,229.25,103.88,100.7636,97.86,25.2,0.97
2022-10-07,777,12.08,140.09,403.96,234.24,102.66,100.001106,98.68,25.72,0.9741
2022-10-06,778,13.13,145.43,399.61,246.79,105.14,102.911032,101.42,27.18,0.9788
2022-10-05,779,13.21,146.4,402.51,249.2,104.24,103.00996799999999,101.43,27.64,0.9882
2022-10-04,780,13.17,146.1,406.11,248.88,106.32,106.13925599999999,101.64,27.7,0.9983
2022-10-03,781,12.51,142.45,399.74,240.74,100.92,99.143808,98.64,26.97,0.9824
2022-09-30,782,12.14,138.2,386.29,232.9,101.2,99.16588,95.65,25.77,0.9799
2022-09-29,783,12.22,142.48,389.79,237.5,98.26,96.432364,97.42,26.38,0.9814
2022-09-28,784,12.74,149.84,400.0,241.07,99.46,96.814364,100.05,27.13,0.9734
2022-09-27,785,12.41,151.76,399.74,236.41,97.92,93.92486400000001,97.5,26.89,0.9592
2022-09-26,786,12.23,150.77,407.65,237.45,98.25,94.37895,98.17,26.97,0.9606
2022-09-23,787,12.52,150.43,413.07,237.92,98.63,95.57247,98.74,27.52,0.969
2022-09-22,788,12.56,152.74,422.08,240.98,99.06,97.435416,100.14,28.07,0.9836
2022-09-21,789,13.26,153.72,420.2,238.95,100.9,99.25533,99.28,28.47,0.9837
2022-09-20,790,13.18,156.9,420.58,242.45,99.37,99.07189000000001,101.14,28.96,0.997
2022-09-19,791,13.38,154.48,416.52,244.52,101.0,101.2222,103.07,29.44,1.0022
2022-09-16,792,13.2,150.7,414.29,244.74,100.14,100.29021,102.8,29.24,1.0015
2022-09-15,793,12.93,152.37,413.59,245.38,102.02,102.009798,102.91,28.84,0.9999
2022-09-14,794,13.13,155.31,416.63,252.22,102.72,102.483744,105.0,29.18,0.9977
2022-09-13,795,13.13,153.84,409.33,251.99,104.56,104.24632,104.32,29.29,0.997
2022-09-12,796,14.51,163.43,418.64,266.65,107.58,108.860202,110.86,31.56,1.0119
2022-09-09,797,14.39,157.37,421.53,264.46,105.0,105.40950000000001,110.65,31.46,1.0039
2022-09-08,798,13.99,154.46,419.65,258.52,103.12,103.058128,108.38,30.75,0.9994
2022-09-07,799,13.71,155.96,420.14,258.09,104.46,104.44955399999999,109.45,30.65,0.9999
2022-09-06,800,13.46,154.53,417.78,253.25,103.52,102.50550399999999,106.81,30.36,0.9902
2022-09-02,801,13.65,155.81,418.57,256.06,104.88,104.36608799999999,107.85,31.22,0.9951
2022-09-01,802,13.94,157.96,422.61,260.4,99.62,99.062128,109.74,31.76,0.9944
2022-08-31,803,15.09,157.22,420.11,261.47,101.08,101.656156,108.22,31.92,1.0057
2022-08-30,804,15.47,158.91,425.11,262.97,103.74,103.86448800000001,108.94,32.26,1.0012
2022-08-29,805,15.8,161.38,429.68,265.23,102.22,102.16889,109.42,32.94,0.9995
2022-08-26,806,16.26,163.62,431.13,268.09,102.9,102.49869000000001,110.34,33.36,0.9961
2022-08-25,807,17.91,170.03,438.64,278.85,105.28,105.006272,116.65,34.89,0.9974
2022-08-24,808,17.22,167.53,433.71,275.79,104.86,104.49299,113.69,33.86,0.9965
2022-08-23,809,17.18,167.23,433.12,276.44,103.2,102.85944,113.86,33.95,0.9967
2022-08-22,810,17.03,167.57,432.33,277.75,103.7,103.08817,114.24,33.84,0.9941
2022-08-19,811,17.85,171.52,440.03,286.15,108.2,108.56788000000002,117.21,35.38,1.0034
2022-08-18,812,18.77,174.15,439.35,290.17,110.26,111.230288,120.17,36.2,1.0088
2022-08-17,813,18.34,174.55,441.59,291.32,108.64,110.59552000000001,119.55,35.78,1.018
2022-08-16,814,18.88,173.03,440.16,292.71,112.04,113.94467999999999,121.7,36.19,1.017
2022-08-15,815,19.03,173.19,438.01,293.47,112.2,113.99520000000001,122.08,36.34,1.016
2022-08-12,816,18.71,172.1,434.24,291.91,111.84,114.72547200000001,121.68,36.11,1.0258
2022-08-11,817,17.94,168.49,428.85,287.02,109.92,113.404464,118.84,35.59,1.0317
2022-08-10,818,18.1,169.24,429.99,289.16,109.18,112.42264600000001,119.7,35.37,1.0297
2022-08-09,819,17.09,164.92,428.55,282.3,106.52,108.76757199999999,116.63,34.52,1.0211
2022-08-08,820,17.79,164.87,423.86,280.32,109.4,111.53330000000001,117.3,35.38,1.0195
2022-08-05,821,18.99,165.35,426.41,282.91,108.64,110.606384,117.47,35.39,1.0181
2022-08-04,822,19.21,165.81,428.13,283.65,109.26,111.915018,118.19,35.66,1.0243
2022-08-03,823,18.89,166.13,429.3,282.47,107.54,109.303656,118.08,36.52,1.0164
2022-08-02,824,18.53,160.01,428.78,274.82,106.4,108.14496,115.13,36.01,1.0164
2022-08-01,825,18.44,161.51,419.28,278.01,107.02,109.813222,114.86,36.96,1.0261
2022-07-29,826,18.16,162.51,413.81,280.74,108.54,110.90617200000001,116.32,36.31,1.0218
2022-07-28,827,17.98,157.35,406.08,276.41,106.1,108.17956,114.22,39.71,1.0196
2022-07-27,828,17.79,156.79,398.54,268.74,104.52,106.631304,113.06,40.18,1.0202
2022-07-26,829,16.53,151.6,396.81,251.9,102.84,104.01237600000002,105.02,38.96,1.0114
2022-07-25,830,17.02,152.95,399.8,258.83,104.4,106.69680000000001,107.51,39.16,1.022
2022-07-22,831,17.32,154.09,394.74,260.36,105.42,107.63381999999999,107.9,39.2,1.021
2022-07-21,832,18.05,155.35,395.2,264.84,107.14,109.582792,114.34,40.61,1.0228
2022-07-20,833,17.81,153.04,395.22,262.27,106.86,108.751422,113.9,40.56,1.0177
2022-07-19,834,16.99,151.0,390.38,259.53,105.78,108.149472,113.81,40.22,1.0224
2022-07-18,835,16.1,147.07,387.28,254.25,101.2,102.62692,109.03,38.71,1.0141
2022-07-15,836,15.76,150.17,398.38,256.72,100.1,100.97086999999999,111.78,38.62,1.0087
2022-07-14,837,15.37,148.47,400.31,254.08,95.86,96.01337600000001,110.37,37.71,1.0016
2022-07-13,838,15.16,145.49,408.0,252.72,96.11,96.68666,111.35,37.21,1.006
2022-07-12,839,15.08,145.86,413.99,253.67,97.63,97.981468,114.02,37.21,1.0036
2022-07-11,840,15.15,144.87,419.07,264.51,96.8,97.17752,115.68,37.2,1.0039
2022-07-08,841,15.84,147.04,420.35,267.66,99.84,101.667072,119.35,37.99,1.0183
2022-07-07,842,15.86,146.35,422.19,268.4,97.71,99.263589,118.78,38.14,1.0159
2022-07-06,843,15.13,142.92,425.89,266.21,96.05,97.788505,114.57,36.99,1.0181
2022-07-05,844,14.96,141.56,415.25,262.85,93.74,96.23348399999999,113.26,36.69,1.0266
2022-07-01,845,14.52,138.93,433.52,259.58,96.0,100.1088,108.74,36.34,1.0428
2022-06-30,846,15.16,136.72,429.96,256.83,97.09,101.769738,108.96,37.41,1.0482
2022-06-29,847,15.54,139.23,418.89,260.26,101.4,105.85146000000002,111.7,37.29,1.0439
2022-06-28,848,15.98,137.44,420.71,256.48,104.14,109.534452,112.01,37.78,1.0518
2022-06-27,849,16.87,141.66,419.25,264.89,104.14,110.21136200000001,115.83,38.63,1.0583
2022-06-24,850,17.13,141.66,419.04,267.7,102.62,108.30514799999999,117.97,38.61,1.0554
2022-06-23,851,16.23,138.27,410.62,258.86,99.26,104.45129800000001,112.24,37.41,1.0523
2022-06-22,852,16.36,135.35,415.45,253.13,101.54,107.27701,111.49,37.38,1.0565
2022-06-21,853,16.57,135.87,418.96,253.74,103.14,108.55485,111.54,37.73,1.0525
2022-06-17,854,15.88,131.56,404.01,247.65,103.62,108.78027600000001,107.14,36.97,1.0498
2022-06-16,855,15.6,130.06,404.79,244.97,102.3,107.89581,106.03,37.34,1.0547
2022-06-15,856,16.53,135.43,414.1,251.76,108.98,113.80781400000001,109.76,38.65,1.0443
2022-06-14,857,15.84,132.76,416.17,244.49,109.22,113.74170800000002,106.72,37.93,1.0414
2022-06-13,858,15.65,131.88,423.93,242.26,111.6,116.15328,106.39,37.77,1.0408
2022-06-10,859,16.97,137.13,430.19,252.99,115.1,121.02765000000001,111.16,39.18,1.0515
2022-06-09,860,18.05,142.64,432.72,264.79,121.68,129.151152,114.84,40.01,1.0614
2022-06-08,861,18.65,147.96,443.41,270.41,124.16,133.02502399999997,117.19,41.23,1.0714
2022-06-07,862,18.93,148.71,456.3,272.5,125.0,133.7375,117.15,43.53,1.0699
2022-06-06,863,18.79,146.14,443.41,268.75,125.84,134.573296,116.82,43.34,1.0694
2022-06-03,864,18.72,145.38,442.69,270.02,124.02,132.924636,114.54,43.39,1.0718
2022-06-02,865,19.59,151.21,441.11,274.58,125.24,134.57038,117.62,44.84,1.0745
2022-06-01,866,18.32,148.71,439.3,272.42,122.58,130.498668,113.89,44.11,1.0646
2022-05-31,867,18.67,148.84,440.11,271.87,122.44,131.414852,113.76,44.42,1.0733
2022-05-27,868,18.81,149.64,450.56,273.24,121.86,130.719222,112.32,44.55,1.0727
2022-05-26,869,17.85,143.78,447.99,265.9,118.52,127.100848,107.79,43.48,1.0724
2022-05-25,870,16.98,140.52,447.54,262.52,114.82,122.62776,105.81,42.2,1.068
2022-05-24,871,16.15,140.36,442.78,259.62,114.2,122.58228,105.97,41.67,1.0734
2022-05-23,872,16.9,143.11,433.03,260.65,116.7,124.74063,111.49,42.0,1.0689
2022-05-20,873,16.69,137.59,424.15,252.56,115.08,121.52448,108.91,41.65,1.056
2022-05-19,874,17.12,137.35,425.62,253.14,112.46,119.05015599999999,110.38,42.01,1.0586
2022-05-18,875,16.94,140.82,434.33,254.08,113.62,118.914692,111.9,42.35,1.0466
2022-05-17,876,18.18,149.24,441.0,266.82,116.5,122.87254999999999,116.47,44.4,1.0547
2022-05-16,877,17.26,145.54,437.55,261.5,113.6,118.49615999999999,114.44,43.08,1.0431
2022-05-13,878,17.71,147.11,435.17,261.12,116.08,120.85088799999998,116.05,43.6,1.0411
2022-05-12,879,16.18,142.56,434.59,255.35,113.9,118.21681000000001,112.84,42.84,1.0379
2022-05-11,880,16.63,146.5,440.41,260.55,116.8,122.76847999999998,113.6,42.83,1.0511
2022-05-10,881,17.59,154.51,439.13,269.5,114.72,120.765744,114.39,44.01,1.0527
2022-05-09,882,16.95,152.06,438.84,264.58,111.7,117.89935000000001,112.51,43.07,1.0555
2022-05-06,883,18.68,157.28,449.43,274.73,114.64,120.95666399999999,115.75,44.3,1.0551
2022-05-05,884,18.84,156.77,443.15,277.35,116.58,122.87532,116.51,44.6,1.054
2022-05-04,885,20.33,166.02,445.74,289.98,115.78,122.96993800000001,122.26,46.54,1.0621
2022-05-03,886,19.6,159.48,434.77,281.78,114.56,120.51712,117.33,45.06,1.052
2022-05-02,887,19.53,157.96,430.81,284.47,115.12,120.922048,116.58,44.96,1.0504
2022-04-29,888,18.55,157.65,432.12,277.52,117.78,124.151898,114.11,43.59,1.0541
2022-04-28,889,19.78,163.64,441.71,289.63,116.26,122.00324400000002,118.52,46.84,1.0494
2022-04-27,890,18.41,156.57,444.98,283.22,114.1,120.43255,114.29,45.22,1.0555
2022-04-26,891,18.79,156.8,446.09,270.22,113.02,120.208072,118.65,45.52,1.0636
2022-04-25,892,19.9,162.88,442.89,280.72,115.98,124.226178,123.07,47.06,1.0711
2022-04-22,893,19.52,161.79,445.79,274.03,118.24,127.62825599999998,119.64,46.54,1.0794
2022-04-21,894,20.18,166.42,439.54,280.81,123.0,133.28279999999998,124.81,47.5,1.0836
2022-04-20,895,21.48,167.23,453.87,286.36,119.76,129.9396,128.04,48.11,1.085
2022-04-19,896,22.2,167.4,459.9,285.3,117.12,126.325632,130.01,47.93,1.0786
2022-04-18,897,21.78,165.07,467.44,280.52,117.0,126.126,127.68,46.64,1.078
2022-04-14,898,21.26,165.29,467.66,279.83,117.0,126.6759,126.73,45.67,1.0827
2022-04-13,899,22.2,170.4,469.19,287.62,116.28,126.57078,129.89,47.01,1.0885
2022-04-12,900,21.5,167.66,467.55,282.06,116.64,126.274464,127.71,46.5,1.0826
2022-04-11,901,21.92,165.75,464.25,285.26,116.2,126.46046000000001,128.82,46.57,1.0883
2022-04-08,902,23.12,170.09,461.52,296.97,118.1,128.44555999999997,133.29,47.02,1.0876
2022-04-07,903,24.21,172.14,465.51,301.37,115.96,126.141288,135.89,47.56,1.0878
2022-04-06,904,24.41,171.83,454.58,299.5,118.0,128.5374,136.55,47.54,1.0893
2022-04-05,905,25.93,175.06,447.24,310.88,122.0,133.0166,140.59,48.13,1.0903
2022-04-04,906,27.36,178.44,444.01,314.97,125.72,137.91484,142.97,49.2,1.097
2022-04-01,907,26.71,174.31,445.98,309.42,126.7,140.04151,140.15,48.11,1.1053
2022-03-31,908,27.29,174.61,441.4,308.31,125.66,139.04279,139.07,49.56,1.1065
2022-03-30,909,27.69,177.77,445.95,313.86,130.02,145.050312,141.94,51.43,1.1156
2022-03-29,910,28.66,178.96,437.15,315.41,134.46,149.04891,142.51,52.25,1.1085
2022-03-28,911,28.22,175.6,444.98,310.7,129.2,141.83576,141.46,51.51,1.0978
2022-03-25,912,27.69,174.72,453.66,303.68,128.38,140.974078,141.67,51.83,1.0981
2022-03-24,913,28.15,174.07,449.73,304.1,130.12,143.079952,141.57,51.62,1.0996
2022-03-23,914,25.63,170.21,445.25,299.49,131.0,144.1524,138.28,48.27,1.1004
2022-03-22,915,26.52,168.82,440.59,304.06,133.2,146.87964,139.87,48.39,1.1027
2022-03-21,916,26.73,165.38,440.0,299.16,133.08,146.574312,136.1,47.39,1.1014
2022-03-18,917,26.45,163.98,426.18,300.43,136.04,150.39221999999998,136.13,47.45,1.1055
2022-03-17,918,24.77,160.62,428.59,295.22,134.54,149.191406,133.84,47.14,1.1089
2022-03-16,919,24.5,159.59,421.34,294.39,136.24,150.299968,133.28,46.63,1.1032
2022-03-15,920,22.97,155.09,448.67,287.15,128.36,140.567036,129.2,44.81,1.0951
2022-03-14,921,21.33,150.62,444.45,276.44,129.16,141.288124,125.95,44.4,1.0939
2022-03-11,922,22.1,154.73,439.04,280.07,127.28,138.849752,129.87,45.83,1.0909
2022-03-10,923,22.66,158.52,444.36,285.59,123.08,135.178764,132.43,46.66,1.0983
2022-03-09,924,23.01,162.95,448.72,288.5,127.72,141.44989999999999,133.42,47.63,1.1075
2022-03-08,925,21.51,157.44,448.99,275.85,115.5,125.88345000000001,127.1,47.5,1.0899
2022-03-07,926,21.35,159.3,466.15,278.91,113.78,123.47405599999999,126.38,47.68,1.0852
2022-03-04,927,22.94,163.17,458.15,289.86,113.22,123.704172,131.91,48.07,1.0926
2022-03-03,928,23.71,166.23,447.82,295.92,121.62,134.560368,133.9,47.93,1.1064
2022-03-02,929,24.22,166.56,450.0,300.19,123.8,137.67798000000002,134.57,48.87,1.1121
2022-03-01,930,23.48,163.2,456.61,294.95,120.46,134.023796,134.06,46.82,1.1126
2022-02-28,931,24.39,165.12,433.8,298.79,126.66,142.099854,135.06,47.7,1.1219
2022-02-25,932,24.16,164.85,409.49,297.31,129.72,146.155524,134.46,47.71,1.1267
2022-02-24,933,23.75,162.74,395.71,294.59,124.18,138.969838,132.69,46.72,1.1191
2022-02-23,934,22.39,160.07,388.9,280.27,131.54,148.75858599999998,127.59,44.65,1.1309
2022-02-22,935,23.39,164.32,386.2,287.72,132.04,149.5353,129.81,44.69,1.1325
2022-02-18,936,23.64,167.3,386.46,287.93,136.34,154.35051400000003,130.4,45.04,1.1321
2022-02-17,937,24.51,168.88,388.77,290.73,139.5,158.47199999999998,132.54,47.57,1.136
2022-02-16,938,26.51,172.55,386.9,299.5,142.54,162.110742,137.74,48.23,1.1373
2022-02-15,939,26.5,172.79,382.22,300.47,143.4,162.84504,136.61,48.44,1.1356
2022-02-14,940,24.27,168.88,386.97,295.0,139.5,157.70475000000002,135.53,47.58,1.1305
2022-02-11,941,23.95,168.64,396.19,295.04,141.44,160.520256,134.28,47.63,1.1349
2022-02-10,942,25.82,172.12,385.43,302.38,144.68,165.325836,138.62,48.86,1.1427
2022-02-09,943,26.7,176.28,394.54,311.21,138.16,157.806352,141.59,49.91,1.1422
2022-02-08,944,25.11,174.83,396.04,304.56,136.6,155.91523999999998,139.4,48.81,1.1414
2022-02-07,945,24.73,171.66,392.34,300.95,135.6,155.15352000000001,139.2,48.18,1.1442
2022-02-04,946,24.32,172.39,389.33,305.94,132.84,152.048664,143.29,48.01,1.1446
2022-02-03,947,23.95,172.9,389.7,301.25,136.82,156.49471599999998,143.09,48.28,1.1438
2022-02-02,948,25.24,175.84,387.34,313.46,140.52,158.82975600000003,148.0,49.51,1.1303
2022-02-01,949,24.64,174.61,387.01,308.76,140.94,158.825286,137.64,48.95,1.1269
2022-01-31,950,24.49,174.78,389.13,310.98,139.88,157.12720399999998,135.3,48.82,1.1233
2022-01-28,951,22.84,170.33,393.15,308.26,138.34,154.152262,133.35,47.73,1.1143
2022-01-27,952,21.94,159.22,389.08,299.84,140.5,156.55915000000002,129.0,48.05,1.1143
2022-01-26,953,22.77,159.69,391.24,296.71,141.24,158.711388,129.23,51.69,1.1237
2022-01-25,954,22.32,159.78,387.17,288.49,138.52,156.513748,126.94,51.0,1.1299
2022-01-24,955,23.37,161.62,373.33,296.37,137.44,155.623312,130.8,51.94,1.1323
2022-01-21,956,23.37,162.41,371.2,296.03,144.52,163.88568,130.35,52.04,1.134
2022-01-20,957,24.15,164.51,375.13,301.6,146.9,166.1439,133.31,52.04,1.131
2022-01-19,958,25.07,166.23,377.33,303.33,144.34,163.695994,135.12,53.62,1.1341
2022-01-18,959,25.9,169.8,376.54,302.65,142.6,161.49450000000002,136.0,54.76,1.1325
2022-01-14,960,26.94,173.07,372.62,310.2,145.86,166.48460400000002,139.48,55.7,1.1414
2022-01-13,961,26.57,172.19,365.18,304.8,151.5,173.51295,138.59,54.94,1.1453
2022-01-12,962,28.0,175.53,361.3,318.27,152.22,174.17012400000002,141.43,55.74,1.1442
2022-01-11,963,27.82,175.08,364.14,314.98,150.3,170.80092000000002,139.74,55.91,1.1364
2022-01-10,964,27.4,172.19,363.25,314.27,147.88,167.459312,138.67,55.21,1.1324
2022-01-07,965,27.25,172.17,360.14,314.04,152.16,172.83854399999998,137.02,53.44,1.1359
2022-01-06,966,28.18,172.0,358.0,313.88,154.16,174.06205599999998,137.75,54.01,1.1291
2022-01-05,967,27.6,174.92,358.14,316.38,157.96,178.700148,137.78,53.87,1.1313
2022-01-04,968,29.29,179.7,361.99,329.01,155.42,175.39147,144.4,53.14,1.1285
2022-01-03,969,30.12,182.01,354.36,334.75,153.72,173.611368,144.99,53.21,1.1294
2021-12-31,970,29.41,177.57,355.41,336.32,152.68,173.56662400000002,144.85,51.5,1.1368
2021-12-30,971,29.59,178.2,353.58,339.32,152.68,172.87956400000002,146.2,51.74,1.1323
2021-12-29,972,30.0,179.38,354.27,341.95,151.78,172.239944,146.66,51.83,1.1348
2021-12-28,973,30.32,179.29,353.75,341.25,152.82,172.824138,146.69,51.76,1.1309
2021-12-27,974,30.95,180.33,350.28,342.45,150.8,170.78100000000003,147.91,51.94,1.1325
2021-12-23,975,29.64,176.28,347.02,334.69,150.22,170.169216,146.92,51.31,1.1328
2021-12-22,976,29.4,175.64,343.14,333.2,147.64,167.187536,146.41,50.97,1.1324
2021-12-21,977,29.07,172.99,340.77,327.29,146.58,165.38621400000002,143.47,50.77,1.1283
2021-12-20,978,27.72,169.75,337.42,319.91,144.68,163.1267,141.61,49.6,1.1275
2021-12-17,979,27.8,171.14,344.14,323.8,147.9,166.22481,141.72,50.62,1.1239
2021-12-16,980,28.39,172.26,344.84,324.9,150.0,169.92000000000002,144.44,50.83,1.1328
2021-12-15,981,30.46,179.3,344.42,334.65,148.56,167.64996000000002,146.44,50.67,1.1285
2021-12-14,982,28.34,174.33,345.64,328.34,147.32,165.838124,143.91,49.7,1.1257
2021-12-13,983,28.16,175.74,345.55,339.4,150.56,169.87684800000002,145.83,50.0,1.1283
2021-12-10,984,30.2,179.45,344.88,342.54,151.04,170.841344,148.0,50.59,1.1311
2021-12-09,985,30.49,174.56,343.6,333.1,151.02,170.53178400000002,147.64,50.48,1.1292
2021-12-08,986,31.83,175.08,341.08,334.97,151.6,171.94472000000002,148.19,51.75,1.1342
2021-12-07,987,32.43,171.18,339.17,334.92,153.1,172.43653,147.27,52.57,1.1263
2021-12-06,988,30.04,165.32,339.96,326.19,149.34,168.53019,143.16,50.99,1.1285
2021-12-03,989,30.69,161.84,333.81,323.01,146.54,165.780702,142.0,49.25,1.1313
2021-12-02,990,32.13,163.76,330.53,329.49,147.8,166.99922,142.97,49.5,1.1299
2021-12-01,991,31.43,164.77,328.42,330.08,148.02,167.543838,141.05,48.6,1.1319
2021-11-30,992,32.68,165.3,333.32,330.59,141.28,160.15500799999998,141.9,49.2,1.1336
2021-11-29,993,33.38,160.24,341.23,336.63,144.56,163.222696,145.53,50.0,1.1291
2021-11-26,994,31.5,156.81,342.72,329.68,145.24,164.368108,142.18,48.78,1.1317
2021-11-24,995,32.67,161.94,343.58,337.91,151.94,170.12721799999997,146.12,49.76,1.1197
2021-11-23,996,31.75,161.41,345.18,337.68,153.34,172.446164,145.78,49.1,1.1246
2021-11-22,997,31.96,161.02,344.98,339.83,155.92,175.16052799999997,146.3,49.83,1.1234
2021-11-19,998,32.98,160.55,341.44,343.11,155.2,175.18975999999998,148.93,49.52,1.1288
2021-11-18,999,31.68,157.87,342.08,341.27,154.84,176.037596,149.84,49.68,1.1369
2021-11-17,1000,29.26,153.49,341.99,339.12,154.74,175.150206,148.05,50.23,1.1319
2021-11-16,1001,30.2,151.0,340.37,339.51,153.6,173.85984,147.88,50.61,1.1319
2021-11-15,1002,30.02,150.0,340.92,336.07,150.06,170.573202,148.45,50.32,1.1367
2021-11-12,1003,30.39,149.99,339.06,336.72,148.4,169.918,148.68,50.31,1.145
2021-11-11,1004,30.39,147.87,335.89,332.43,151.16,173.0782,145.77,50.53,1.145
2021-11-10,1005,29.46,147.92,337.63,330.8,146.96,168.680688,145.89,50.76,1.1478
2021-11-09,1006,30.66,150.81,338.17,335.95,145.7,168.88087,148.92,51.2,1.1591
2021-11-08,1007,30.8,150.44,341.78,336.99,146.16,169.340976,149.03,51.55,1.1586
2021-11-05,1008,29.75,151.28,339.89,336.06,145.58,168.37782800000002,148.85,50.92,1.1566
2021-11-04,1009,29.8,150.96,335.5,336.44,145.94,168.589888,148.27,50.31,1.1552
2021-11-03,1010,26.6,151.49,331.35,334.0,144.18,167.39298000000002,146.6,50.39,1.161
2021-11-02,1011,26.4,150.02,326.31,333.13,145.0,167.8665,145.43,49.86,1.1577
2021-11-01,1012,25.83,148.96,330.93,329.37,140.74,163.342844,143.5,49.55,1.1606
2021-10-29,1013,25.57,149.8,332.32,331.62,140.28,162.177708,148.05,49.0,1.1561
2021-10-28,1014,24.94,152.57,331.39,324.35,139.84,163.319136,145.85,48.08,1.1679
2021-10-27,1015,24.45,148.85,330.94,323.17,140.7,163.26828,146.22,47.89,1.1604
2021-10-26,1016,24.72,149.32,331.91,310.11,141.36,163.90692,139.31,48.28,1.1595
2021-10-25,1017,23.17,148.64,376.33,308.13,139.02,161.34661200000002,137.45,49.41,1.1606
2021-10-22,1018,22.73,148.69,374.6,309.16,139.56,162.545532,137.57,49.46,1.1647
2021-10-21,1019,22.69,149.48,373.14,310.76,138.58,161.04381800000002,141.89,56.0,1.1621
2021-10-20,1020,22.1,149.26,371.13,307.41,142.1,165.53229,141.77,55.37,1.1649
2021-10-19,1021,22.29,148.76,371.07,308.23,140.64,163.592448,143.24,55.21,1.1632
2021-10-18,1022,22.22,146.55,365.0,307.29,139.86,162.36347400000002,142.78,54.47,1.1609
2021-10-15,1023,21.86,144.84,365.62,304.21,141.26,163.86159999999998,141.37,54.46,1.16
2021-10-14,1024,21.75,143.76,362.07,302.75,141.06,163.544964,141.15,53.9,1.1594
2021-10-13,1025,20.94,140.91,361.76,296.31,136.88,158.67129599999998,137.58,52.26,1.1592
2021-10-12,1026,20.67,141.51,358.12,292.88,136.14,156.928578,136.45,52.17,1.1527
2021-10-11,1027,20.7,142.81,357.08,294.23,136.38,157.532538,138.91,53.44,1.1551
2021-10-08,1028,20.83,142.9,353.75,294.85,137.66,159.231322,139.79,53.81,1.1567
2021-10-07,1029,21.07,143.29,351.78,294.85,137.76,159.1128,139.22,54.18,1.155
2021-10-06,1030,20.7,142.0,349.99,293.11,135.18,156.214008,137.56,53.98,1.1556
2021-10-05,1031,20.45,141.11,347.75,288.76,137.86,159.862456,136.02,53.95,1.1596
2021-10-04,1032,19.73,139.14,345.99,283.11,135.86,157.882906,133.66,53.47,1.1621
2021-10-01,1033,20.74,142.65,347.8,289.1,137.7,159.64937999999998,136.54,53.86,1.1594
2021-09-30,1034,20.72,141.5,345.1,281.92,141.92,164.35755199999997,133.68,53.28,1.1581
2021-09-29,1035,20.52,142.83,350.29,284.0,143.42,166.29548999999997,134.35,53.49,1.1595
2021-09-28,1036,20.7,141.91,352.15,283.52,143.14,167.20183399999996,135.83,54.0,1.1681
2021-09-27,1037,21.66,145.37,353.36,294.17,147.28,172.229232,141.07,54.66,1.1694
2021-09-24,1038,22.08,146.92,349.52,299.35,147.96,173.320344,142.22,54.22,1.1714
2021-09-23,1039,22.48,146.83,344.2,299.56,150.26,176.345136,141.22,54.03,1.1736
2021-09-22,1040,21.94,145.85,341.73,298.58,149.6,174.82256,140.28,53.5,1.1686
2021-09-21,1041,21.25,143.43,336.05,294.8,146.02,171.179246,139.03,52.87,1.1723
2021-09-20,1042,21.11,142.94,338.46,294.3,141.98,166.47155,138.72,52.98,1.1725
2021-09-17,1043,21.9,146.06,340.98,299.87,149.52,175.31220000000002,140.8,54.26,1.1725
2021-09-16,1044,22.24,148.79,341.5,305.22,149.78,176.201192,143.61,54.83,1.1764
2021-09-15,1045,22.34,149.03,345.07,304.82,146.72,173.34968,144.43,55.12,1.1815
2021-09-14,1046,22.24,148.12,344.34,299.79,147.84,174.48076799999998,142.54,54.52,1.1802
2021-09-13,1047,22.15,149.55,346.31,296.99,146.54,173.034432,142.33,54.99,1.1808
2021-09-10,1048,22.48,148.97,345.88,295.71,146.08,172.578912,140.88,53.84,1.1814
2021-09-09,1049,22.18,154.07,348.93,297.25,143.34,169.49955000000003,143.54,53.4,1.1825
2021-09-08,1050,22.34,155.11,351.46,300.21,140.96,166.516048,143.69,53.57,1.1813
2021-09-07,1051,22.66,156.69,349.2,300.18,146.08,172.94411200000002,144.28,53.65,1.1839
2021-09-03,1052,22.84,154.3,356.0,301.14,142.58,169.413556,143.74,53.51,1.1882
2021-09-02,1053,22.4,153.65,358.05,301.15,141.72,168.264156,143.29,53.73,1.1873
2021-09-01,1054,22.44,152.51,356.66,301.83,139.24,164.818388,145.22,53.67,1.1837
2021-08-31,1055,22.39,151.83,359.8,301.88,140.84,166.28978800000002,144.7,54.06,1.1807
2021-08-30,1056,22.69,153.12,362.05,303.59,141.42,166.80488999999997,144.59,53.94,1.1795
2021-08-27,1057,22.64,148.6,361.99,299.72,140.68,165.90392400000002,144.0,53.89,1.1793
2021-08-26,1058,22.07,147.54,361.62,299.09,139.06,163.3955,141.44,53.13,1.175
2021-08-25,1059,22.21,148.36,358.75,302.01,138.94,163.53238000000002,142.08,53.81,1.177
2021-08-24,1060,21.79,149.62,359.0,302.62,140.14,164.70654199999998,141.26,53.81,1.1753
2021-08-23,1061,21.96,149.71,357.35,304.65,139.58,163.908794,140.04,53.23,1.1743
2021-08-20,1062,20.82,148.19,357.17,304.36,138.58,162.083168,137.43,52.01,1.1696
2021-08-19,1063,19.8,146.7,354.03,296.77,138.7,161.91837999999998,135.68,52.44,1.1674
2021-08-18,1064,19.04,146.36,356.6,290.73,142.56,166.93776,135.45,52.19,1.171
2021-08-17,1065,19.46,150.19,361.6,293.08,142.6,166.95608000000001,136.66,52.69,1.1708
